instances,label,prediction,probability,logits
UACC812_CIDs06442177_CIDs25227436.h5,0,1,"[0.39802291989326477, 0.6019771099090576]","[0.5212675333023071, 0.9349774122238159]"
A549_CIDs11707110_CIDs70685869.h5,1,1,"[0.1385146826505661, 0.8614853024482727]","[-0.7627164125442505, 1.0649652481079102]"
T24_CIDs00005515_CIDs25262792.h5,1,0,"[0.8494945168495178, 0.15050549805164337]","[1.0358607769012451, -0.6947810649871826]"
HCC1419_CIDs00148191_CIDs25262792.h5,1,1,"[0.1938568502664566, 0.8061431646347046]","[-0.7761775255203247, 0.6489638090133667]"
BT474_CIDs17755052_CIDs00123631.h5,1,0,"[0.5429837703704834, 0.4570162296295166]","[0.9907601475715637, 0.8183996677398682]"
MDAMB468_CIDs17755052_CIDs72793174.h5,1,1,"[0.28318262100219727, 0.716817319393158]","[-0.5478134751319885, 0.3809156119823456]"
NCIH747_CIDs56673688_CIDs03081361.h5,1,0,"[0.770258367061615, 0.22974161803722382]","[0.9141472578048706, -0.29562345147132874]"
BT549_CIDs10127622_CIDs58423153.h5,1,1,"[0.34379610419273376, 0.6562038660049438]","[-0.12690401077270508, 0.5195187330245972]"
EVSAT_CIDs17755052_CIDs00002719.h5,1,0,"[0.6816608905792236, 0.31833913922309875]","[0.9620278477668762, 0.200612872838974]"
HCC1500_CIDs11707110_CIDs10127622.h5,1,1,"[0.03968704119324684, 0.9603129029273987]","[-1.2358613014221191, 1.9503730535507202]"
NCIH520_CIDs11707110_CIDs70685869.h5,1,1,"[0.2115904986858368, 0.7884095311164856]","[-0.2829214632511139, 1.0324435234069824]"
BT20_CIDs46836568_CIDs49800198.h5,1,1,"[0.18016521632671356, 0.8198347091674805]","[-0.863419234752655, 0.6518093347549438]"
T47D_CIDs49867930_CIDs25262792.h5,1,0,"[0.8793909549713135, 0.12060901522636414]","[0.9732593894004822, -1.0134161710739136]"
SW48_CIDs00003385_CIDs24978538.h5,1,0,"[0.7896391749382019, 0.2103608101606369]","[1.7676758766174316, 0.44492387771606445]"
HCC1954_CIDs25227436_CIDs25262792.h5,1,1,"[0.05611038580536842, 0.9438896775245667]","[-1.0571413040161133, 1.7655470371246338]"
HCC1937_CIDs54751698_CIDs58423153.h5,1,1,"[0.13715969026088715, 0.8628403544425964]","[-0.5525406002998352, 1.2865430116653442]"
HCT116_CIDs44381568_CIDs10127622.h5,1,1,"[0.27784234285354614, 0.7221576571464539]","[-0.19945016503334045, 0.7557395696640015]"
MDAMB415_CIDs17755052_CIDs56946894.h5,1,1,"[0.45176929235458374, 0.5482306480407715]","[-0.20205897092819214, -0.00853445753455162]"
SW780_CIDs17755052_CIDs25227436.h5,0,0,"[0.8712812662124634, 0.12871870398521423]","[0.7197752594947815, -1.192560076713562]"
NCIH520_CIDs46244453_CIDs11152667.h5,1,0,"[0.7142030596733093, 0.2857969105243683]","[0.5696248412132263, -0.34626105427742004]"
MDAMB468_CIDs17755052_CIDs10163178.h5,1,1,"[0.2889734208583832, 0.7110266089439392]","[-0.5286535024642944, 0.37172168493270874]"
UACC812_CIDs11717001_CIDs03081361.h5,0,0,"[0.7604613304138184, 0.23953869938850403]","[0.9618271589279175, -0.19338315725326538]"
NCIH1793_CIDs00005515_CIDs17755052.h5,1,1,"[0.043280038982629776, 0.9567199945449829]","[-1.226198434829712, 1.8696208000183105]"
SW837_CIDs17755052_CIDs76321032.h5,0,1,"[0.3290052115917206, 0.6709948182106018]","[-0.21435776352882385, 0.4983300268650055]"
BT20_CIDs17755052_CIDs72793174.h5,1,1,"[0.03640546277165413, 0.9635945558547974]","[-1.401146411895752, 1.8748055696487427]"
NCIH747_CIDs00447654_CIDs03081361.h5,0,0,"[0.8300549387931824, 0.16994507610797882]","[1.160487413406372, -0.4255290925502777]"
MCF7_CIDs00148191_CIDs25262792.h5,1,1,"[0.043102916330099106, 0.9568971395492554]","[-1.3603763580322266, 1.7397288084030151]"
COLO205_CIDs44381568_CIDs25227436.h5,1,0,"[0.5718442797660828, 0.42815572023391724]","[-0.30405575037002563, -0.593435525894165]"
CAL148_CIDs10127622_CIDs23725625.h5,1,1,"[0.09120454639196396, 0.9087954163551331]","[-0.4638519883155823, 1.8351633548736572]"
A549_CIDs10127622_CIDs56673688.h5,1,1,"[0.3077038824558258, 0.6922960877418518]","[-0.20780876278877258, 0.60306715965271]"
SW837_CIDs00003385_CIDs15953870.h5,0,0,"[0.8105348944664001, 0.18946507573127747]","[1.7236599922180176, 0.2701703608036041]"
A549_CIDs56946894_CIDs25227436.h5,1,1,"[0.16658355295658112, 0.8334164023399353]","[-0.6970794200897217, 0.912956953048706]"
MCF7_CIDs11656518_CIDs00123631.h5,1,1,"[0.3666568994522095, 0.6333431005477905]","[0.6490930914878845, 1.195678949356079]"
SW620_CIDs10127622_CIDs16659841.h5,1,1,"[0.3176930844783783, 0.6823069453239441]","[0.09894295036792755, 0.8633369207382202]"
NCIH1793_CIDs73294313_CIDs56946894.h5,1,1,"[0.050027281045913696, 0.9499727487564087]","[-1.5042307376861572, 1.4396342039108276]"
TCCSUP_CIDs00005311_CIDs51039095.h5,1,0,"[0.7102831602096558, 0.2897168695926666]","[1.1404187679290771, 0.24365916848182678]"
HCC1500_CIDs45375953_CIDs11152667.h5,1,0,"[0.8462501764297485, 0.15374980866909027]","[0.6806715726852417, -1.0248167514801025]"
TCCSUP_CIDs17755052_CIDs25227436.h5,1,1,"[0.09709899127483368, 0.9029010534286499]","[-1.067488193511963, 1.1623938083648682]"
BFTC905_CIDs72793174_CIDs11375205.h5,0,1,"[0.34990033507347107, 0.6500996947288513]","[-0.5047198534011841, 0.11475753784179688]"
SW48_CIDs70685869_CIDs10127622.h5,1,1,"[0.11704979091882706, 0.8829501867294312]","[-0.8142444491386414, 1.2064249515533447]"
BT474_CIDs25033539_CIDs10127622.h5,1,1,"[0.4726656973361969, 0.5273342728614807]","[0.17057466506958008, 0.2800210118293762]"
HCC1500_CIDs00148195_CIDs25227436.h5,1,1,"[0.3610420227050781, 0.6389579772949219]","[-0.43116113543510437, 0.13968314230442047]"
HT1376_CIDs11955716_CIDs49800198.h5,1,1,"[0.3039778172969818, 0.6960222125053406]","[-0.19814109802246094, 0.6302858591079712]"
NCIH358_CIDs11707110_CIDs42611257.h5,0,0,"[0.6536566615104675, 0.34634333848953247]","[0.6511948704719543, 0.016043180599808693]"
BFTC905_CIDs25262792_CIDs11152667.h5,0,0,"[0.557992696762085, 0.44200727343559265]","[0.14989729225635529, -0.08312226831912994]"
DU4475_CIDs51039095_CIDs46244453.h5,0,0,"[0.5808916091918945, 0.4191083610057831]","[0.00510135293006897, -0.32133328914642334]"
HCC1954_CIDs25262792_CIDs11375205.h5,1,1,"[0.09286027401685715, 0.907139778137207]","[-0.760962188243866, 1.5182383060455322]"
J82_CIDs25227436_CIDs11152667.h5,0,0,"[0.7914066314697266, 0.20859333872795105]","[0.6907015442848206, -0.642723798751831]"
NCIH23_CIDs56946894_CIDs17755052.h5,1,1,"[0.3153955638408661, 0.6846044659614563]","[-0.3960001468658447, 0.3790135383605957]"
CAMA1_CIDs11717001_CIDs25227436.h5,0,0,"[0.5614176988601685, 0.43858233094215393]","[0.18181082606315613, -0.06510686874389648]"
BT474_CIDs24964624_CIDs00005376.h5,1,0,"[0.6973684430122375, 0.30263158679008484]","[1.1713905334472656, 0.33659282326698303]"
CALU3_CIDs44381568_CIDs56946894.h5,1,0,"[0.665808379650116, 0.33419162034988403]","[0.47741639614105225, -0.2118709683418274]"
KATOIII_CIDs00005515_CIDs49800198.h5,1,1,"[0.37923747301101685, 0.6207625269889832]","[-0.04659707099199295, 0.4461889863014221]"
HCC1954_CIDs24964624_CIDs25262792.h5,1,1,"[0.09097279608249664, 0.9090272784233093]","[-0.9212638139724731, 1.3805506229400635]"
UACC812_CIDs16719221_CIDs03081361.h5,1,0,"[0.7287197113037109, 0.27128028869628906]","[0.8946309685707092, -0.0935056135058403]"
VMCUB1_CIDs11375205_CIDs17755052.h5,1,0,"[0.6020837426185608, 0.3979162871837616]","[0.05580718815326691, -0.3583477735519409]"
HT29_CIDs24978538_CIDs49800198.h5,0,0,"[0.7352938055992126, 0.26470622420310974]","[0.44573840498924255, -0.5759111642837524]"
MDAMB361_CIDs11520894_CIDs11152667.h5,1,1,"[0.4188001751899719, 0.5811998248100281]","[-0.12234731763601303, 0.20535340905189514]"
MDAMB436_CIDs72793174_CIDs58423153.h5,1,1,"[0.06540443748235703, 0.93459552526474]","[-0.9060817360877991, 1.7534420490264893]"
SW780_CIDs49800198_CIDs25262792.h5,1,0,"[0.7701131105422974, 0.22988688945770264]","[0.8796082139015198, -0.3293417692184448]"
UACC812_CIDs00005376_CIDs25262792.h5,1,0,"[0.801769495010376, 0.1982305347919464]","[1.4094312191009521, 0.01204073429107666]"
HCC1806_CIDs17755052_CIDs46244453.h5,0,1,"[0.3265089988708496, 0.6734910011291504]","[-0.635553240776062, 0.08846390247344971]"
HT29_CIDs46244453_CIDs11152667.h5,1,0,"[0.9676694869995117, 0.032330527901649475]","[1.5603570938110352, -1.8385214805603027]"
HCC1500_CIDs24978538_CIDs11375205.h5,1,1,"[0.47952353954315186, 0.5204764008522034]","[-0.2991039752960205, -0.21715235710144043]"
NCIH23_CIDs46836568_CIDs00005515.h5,0,1,"[0.22160246968269348, 0.7783975005149841]","[-0.5048167109489441, 0.7515354156494141]"
BT20_CIDs25262792_CIDs56946894.h5,1,1,"[0.11280568689107895, 0.8871943354606628]","[-0.9960212111473083, 1.066375970840454]"
RKO_CIDs25071599_CIDs49800198.h5,1,1,"[0.27960342168807983, 0.7203965783119202]","[-0.30335521697998047, 0.6430743932723999]"
NCIH838_CIDs00064780_CIDs49800198.h5,1,1,"[0.2608569264411926, 0.7391430735588074]","[-0.32779890298843384, 0.713720440864563]"
MCF7_CIDs24978538_CIDs11375205.h5,1,1,"[0.0721028745174408, 0.9278971552848816]","[-1.2194392681121826, 1.3353877067565918]"
MDAMB468_CIDs17755052_CIDs00123631.h5,1,0,"[0.5240190625190735, 0.4759809076786041]","[0.9345586895942688, 0.8384084701538086]"
SW837_CIDs44199317_CIDs49800198.h5,1,1,"[0.4928322732448578, 0.5071677565574646]","[0.214425191283226, 0.24309808015823364]"
UMUC3_CIDs51039095_CIDs11375205.h5,1,0,"[0.833058774471283, 0.16694119572639465]","[0.7221166491508484, -0.8853460550308228]"
TCCSUP_CIDs51039095_CIDs10302451.h5,1,1,"[0.13382340967655182, 0.8661766052246094]","[-1.1874446868896484, 0.6801230907440186]"
DU4475_CIDs16654980_CIDs24964624.h5,1,1,"[0.13647843897342682, 0.8635215759277344]","[-0.8077756762504578, 1.037076473236084]"
MCF7_CIDs25194865_CIDs11375205.h5,1,1,"[0.14047880470752716, 0.859521210193634]","[-0.8507326245307922, 0.9605861902236938]"
BT549_CIDs54751698_CIDs74767926.h5,1,1,"[0.445290207862854, 0.554709792137146]","[-0.22528228163719177, -0.0055633485317230225]"
UACC812_CIDs49867926_CIDs51039095.h5,0,0,"[0.8942019939422607, 0.10579806566238403]","[0.9299322366714478, -1.2044670581817627]"
HCC1500_CIDs49867926_CIDs16659841.h5,0,1,"[0.4945336878299713, 0.5054662823677063]","[-0.1657755970954895, -0.1439095288515091]"
UACC812_CIDs00002719_CIDs25262792.h5,0,0,"[0.8122934699058533, 0.18770653009414673]","[1.2535133361816406, -0.21146857738494873]"
HT1197_CIDs58423153_CIDs10127622.h5,1,1,"[0.3266102373600006, 0.673389732837677]","[-0.1314714252948761, 0.5920853614807129]"
BT20_CIDs46244453_CIDs00003461.h5,1,1,"[0.35832417011260986, 0.6416758894920349]","[-0.45039302110671997, 0.13225211203098297]"
NCIH1299_CIDs11707110_CIDs42611257.h5,0,0,"[0.7241912484169006, 0.275808721780777]","[0.6206141710281372, -0.3447338044643402]"
HT1376_CIDs10368812_CIDs25227436.h5,1,1,"[0.27023521065711975, 0.7297647595405579]","[-0.3512161374092102, 0.6422133445739746]"
SW620_CIDs11640390_CIDs76321032.h5,1,1,"[0.39747339487075806, 0.6025266051292419]","[-0.24903777241706848, 0.1669660210609436]"
HCC1419_CIDs49867930_CIDs23725625.h5,1,1,"[0.4514090418815613, 0.5485910177230835]","[0.33344370126724243, 0.5284229516983032]"
SW837_CIDs44381568_CIDs10127622.h5,1,1,"[0.08129817247390747, 0.9187018871307373]","[-1.0367543697357178, 1.388083815574646]"
BFTC905_CIDs11955716_CIDs10127622.h5,1,1,"[0.4553689658641815, 0.5446310043334961]","[0.2951451241970062, 0.4741455316543579]"
SW900_CIDs10127622_CIDs56673688.h5,1,1,"[0.1455797255039215, 0.8544203042984009]","[-0.4199300706386566, 1.3497692346572876]"
COLO205_CIDs44381568_CIDs90667118.h5,0,0,"[0.7864553928375244, 0.2135445773601532]","[0.28133293986320496, -1.02235746383667]"
LS513_CIDs24964624_CIDs25262792.h5,1,1,"[0.2052900493144989, 0.7947099208831787]","[-0.9002265334129333, 0.4533268213272095]"
NCIH1975_CIDs44381568_CIDs56946894.h5,1,1,"[0.17666523158550262, 0.8233347535133362]","[-0.36450693011283875, 1.174599289894104]"
HT1376_CIDs58423153_CIDs25227436.h5,1,1,"[0.2776585817337036, 0.7223414182662964]","[-0.31342369318008423, 0.6426820755004883]"
NCIH358_CIDs46836568_CIDs56946894.h5,1,1,"[0.21825827658176422, 0.781741738319397]","[-0.643561065196991, 0.6322841644287109]"
CAMA1_CIDs25262792_CIDs06442177.h5,1,1,"[0.04371597617864609, 0.9562840461730957]","[-0.5848456621170044, 2.500495672225952]"
HT1197_CIDs00005311_CIDs72793174.h5,0,0,"[0.8502605557441711, 0.14973938465118408]","[1.6129274368286133, -0.12371908873319626]"
MDAMB157_CIDs25227436_CIDs56946894.h5,1,1,"[0.07563729584217072, 0.9243626594543457]","[-1.0385644435882568, 1.4645905494689941]"
VMCUB1_CIDs49800198_CIDs54751698.h5,0,0,"[0.690899670124054, 0.3091003894805908]","[0.5569640398025513, -0.24736449122428894]"
NCIH226_CIDs49846579_CIDs00003310.h5,1,1,"[0.09823406487703323, 0.9017659425735474]","[-0.8201826810836792, 1.3968191146850586]"
MCF7_CIDs45375953_CIDs11375205.h5,1,1,"[0.11832784861326218, 0.8816721439361572]","[-0.866089403629303, 1.142271637916565]"
DMS114_CIDs46836568_CIDs11152667.h5,1,0,"[0.7038999795913696, 0.29610008001327515]","[0.4266304075717926, -0.4393082559108734]"
HCC1419_CIDs11597571_CIDs51039095.h5,0,0,"[0.8433328866958618, 0.15666711330413818]","[0.48794591426849365, -1.195292592048645]"
T24_CIDs54751698_CIDs25227436.h5,0,0,"[0.7567747831344604, 0.24322517216205597]","[0.577333927154541, -0.5577441453933716]"
MCF7_CIDs00004261_CIDs11375205.h5,1,1,"[0.316089928150177, 0.683910071849823]","[-0.20376452803611755, 0.5680351257324219]"
CAL148_CIDs72793174_CIDs58423153.h5,1,1,"[0.266591876745224, 0.7334081530570984]","[-0.4814460575580597, 0.530537486076355]"
NCIH747_CIDs44381568_CIDs90667118.h5,1,0,"[0.6877442598342896, 0.31225574016571045]","[0.5163159370422363, -0.2732785940170288]"
NCIH522_CIDs11213558_CIDs49800198.h5,1,0,"[0.5939087867736816, 0.4060911536216736]","[0.5107399821281433, 0.13059180974960327]"
VMCUB1_CIDs10127622_CIDs17755052.h5,1,0,"[0.6880976557731628, 0.31190231442451477]","[0.8343946933746338, 0.04315396398305893]"
BT20_CIDs25262792_CIDs46836568.h5,1,1,"[0.08604080975055695, 0.9139592051506042]","[-1.0427320003509521, 1.3202321529388428]"
HCC1395_CIDs46244453_CIDs00003461.h5,1,0,"[0.5493142604827881, 0.45068567991256714]","[0.22253170609474182, 0.02463117614388466]"
NCIH520_CIDs11152667_CIDs51039095.h5,1,0,"[0.8217049837112427, 0.17829497158527374]","[0.8264667391777039, -0.7014753818511963]"
HCT116_CIDs24978538_CIDs49800198.h5,1,1,"[0.17043928802013397, 0.8295607566833496]","[-0.5813245177268982, 1.0011926889419556]"
LS513_CIDs70685869_CIDs10127622.h5,1,1,"[0.49368295073509216, 0.5063170194625854]","[0.15853795409202576, 0.18380746245384216]"
NCIH520_CIDs00003310_CIDs11327430.h5,1,1,"[0.20245146751403809, 0.7975485324859619]","[-0.6410588622093201, 0.7299835681915283]"
HS578T_CIDs25227436_CIDs51039095.h5,1,1,"[0.3773369789123535, 0.6226630210876465]","[-0.6264984607696533, -0.12563171982765198]"
COLO205_CIDs44381568_CIDs03081361.h5,1,0,"[0.6347642540931702, 0.36523568630218506]","[0.6061488389968872, 0.05343793332576752]"
647V_CIDs15953870_CIDs54751698.h5,1,0,"[0.6718783974647522, 0.3281215727329254]","[0.2114516943693161, -0.5052413940429688]"
CAL120_CIDs24964624_CIDs67161792.h5,1,1,"[0.10732640326023102, 0.8926735520362854]","[-1.1394121646881104, 0.9789339303970337]"
J82_CIDs11375205_CIDs25227436.h5,1,1,"[0.05832717567682266, 0.9416728019714355]","[-1.2187635898590088, 1.562826156616211]"
CAL120_CIDs25262792_CIDs73294313.h5,1,1,"[0.14832036197185516, 0.8516796231269836]","[-0.5262965559959412, 1.2215392589569092]"
NCIH1793_CIDs00005515_CIDs44137675.h5,1,1,"[0.09354058653116226, 0.906459391117096]","[-1.1516740322113037, 1.1194767951965332]"
NCIH520_CIDs25262792_CIDs51039095.h5,1,0,"[0.5508648157119751, 0.4491351544857025]","[0.1813654601573944, -0.022800147533416748]"
HCC1395_CIDs10127622_CIDs17755052.h5,1,0,"[0.5450608134269714, 0.4549391567707062]","[0.3406614065170288, 0.15992769598960876]"
MDAMB415_CIDs17755052_CIDs10127622.h5,0,1,"[0.25253307819366455, 0.7474669218063354]","[-0.014910675585269928, 1.070237159729004]"
C32_CIDs00447654_CIDs49800198.h5,1,0,"[0.7866979837417603, 0.21330200135707855]","[0.6985371708869934, -0.6065982580184937]"
NCIH2170_CIDs56946894_CIDs23725625.h5,1,1,"[0.4800872802734375, 0.5199126601219177]","[0.09246588498353958, 0.17215882241725922]"
NCIH1563_CIDs11213558_CIDs49800198.h5,1,1,"[0.27622026205062866, 0.7237797379493713]","[-0.30731186270713806, 0.6559766530990601]"
T24_CIDs51039095_CIDs17755052.h5,0,0,"[0.7391068339347839, 0.26089322566986084]","[0.6807917952537537, -0.3605395555496216]"
CAMA1_CIDs25262792_CIDs73294313.h5,1,1,"[0.18787311017513275, 0.812126874923706]","[-0.3322370648384094, 1.13165283203125]"
TCCSUP_CIDs49800198_CIDs11375205.h5,1,1,"[0.16605116426944733, 0.8339488506317139]","[-0.6900001168251038, 0.9238760471343994]"
NCIH23_CIDs00003310_CIDs24978538.h5,1,0,"[0.7353531122207642, 0.2646469473838806]","[0.47244250774383545, -0.5495116710662842]"
T47D_CIDs45375953_CIDs10127622.h5,1,1,"[0.46929556131362915, 0.5307044386863708]","[0.577931821346283, 0.7009042501449585]"
MDAMB157_CIDs24964624_CIDs17755052.h5,1,1,"[0.17507043480873108, 0.8249295353889465]","[-0.7268452048301697, 0.823264479637146]"
HCC1806_CIDs10127622_CIDs58423153.h5,1,1,"[0.14359037578105927, 0.8564096689224243]","[-0.881767213344574, 0.9040170907974243]"
HCC1395_CIDs54751698_CIDs73294313.h5,1,1,"[0.358180433511734, 0.6418195366859436]","[-0.3910272419452667, 0.19224292039871216]"
CAMA1_CIDs16654980_CIDs24964624.h5,1,1,"[0.17074550688266754, 0.8292545676231384]","[-0.6701639294624329, 0.910189151763916]"
647V_CIDs72793174_CIDs58423153.h5,1,1,"[0.4935021996498108, 0.5064978003501892]","[0.3295198678970337, 0.3555125594139099]"
HCC1569_CIDs46244453_CIDs11152667.h5,1,0,"[0.7269758582115173, 0.27302414178848267]","[0.47628748416900635, -0.5030456185340881]"
NCIH23_CIDs11707110_CIDs70685869.h5,1,1,"[0.15135307610034943, 0.848646879196167]","[-0.6731283068656921, 1.0508995056152344]"
LS513_CIDs11640390_CIDs03081361.h5,1,0,"[0.6328288912773132, 0.36717110872268677]","[0.6712737083435059, 0.12690165638923645]"
NCIH1793_CIDs49846579_CIDs11152667.h5,1,1,"[0.4195789694786072, 0.5804210305213928]","[-0.3757557272911072, -0.0512537956237793]"
HT1197_CIDs72793174_CIDs49800198.h5,1,1,"[0.39097344875335693, 0.6090265512466431]","[-0.2946586608886719, 0.14856350421905518]"
NCIH358_CIDs00003310_CIDs24978538.h5,1,0,"[0.5944569706916809, 0.40554308891296387]","[0.3502076268196106, -0.03221362829208374]"
SW900_CIDs46836568_CIDs00003310.h5,1,1,"[0.009721257723867893, 0.9902787804603577]","[-2.1497507095336914, 2.473921060562134]"
NCIH1563_CIDs49846579_CIDs05311497.h5,0,0,"[0.5142111778259277, 0.48578882217407227]","[0.05917426943778992, 0.002314351499080658]"
RT4_CIDs23725625_CIDs51039095.h5,1,0,"[0.5889310836791992, 0.4110689163208008]","[0.4820594787597656, 0.12251128256320953]"
BT474_CIDs24856436_CIDs03081361.h5,0,0,"[0.8195955753326416, 0.18040449917316437]","[1.0803611278533936, -0.43324825167655945]"
HCC1143_CIDs10127622_CIDs46244453.h5,0,1,"[0.27181997895240784, 0.7281800508499146]","[-0.2547496557235718, 0.730658769607544]"
647V_CIDs72793174_CIDs10127622.h5,1,1,"[0.19193099439144135, 0.8080689907073975]","[-0.32220128178596497, 1.1153103113174438]"
HCC1187_CIDs24964624_CIDs17755052.h5,1,1,"[0.1707652509212494, 0.8292347192764282]","[-0.5684946775436401, 1.01171875]"
CAMA1_CIDs25033539_CIDs51039095.h5,1,0,"[0.5984522104263306, 0.40154778957366943]","[0.3103657364845276, -0.08865439891815186]"
NCIH1437_CIDs00064780_CIDs49800198.h5,1,1,"[0.42797529697418213, 0.5720247030258179]","[-0.2590053677558899, 0.03111136704683304]"
HT29_CIDs11640390_CIDs03081361.h5,1,0,"[0.6504464149475098, 0.34955358505249023]","[0.6769893169403076, 0.05598731338977814]"
BT474_CIDs00005311_CIDs25227436.h5,0,0,"[0.8834009170532227, 0.11659907549619675]","[1.828162670135498, -0.1968751847743988]"
HCC1500_CIDs17754438_CIDs25227436.h5,1,1,"[0.4266214370727539, 0.5733785629272461]","[-0.29976320266723633, -0.00411408394575119]"
647V_CIDs58423153_CIDs54751698.h5,1,1,"[0.4563075304031372, 0.5436924695968628]","[0.10736583173274994, 0.2825825810432434]"
NCIH522_CIDs05311497_CIDs49800198.h5,1,1,"[0.06227279454469681, 0.937727153301239]","[-1.2239718437194824, 1.4879624843597412]"
C32_CIDs03081361_CIDs10127622.h5,1,0,"[0.6842232346534729, 0.3157767653465271]","[1.0857291221618652, 0.31248044967651367]"
NCIH1793_CIDs56946894_CIDs49800198.h5,1,1,"[0.03459635749459267, 0.9654035568237305]","[-1.6549723148345947, 1.6738253831863403]"
HCC1419_CIDs17755052_CIDs00104741.h5,1,1,"[0.47068819403648376, 0.5293117761611938]","[0.9667366147041321, 1.084118366241455]"
NCIH226_CIDs24964624_CIDs25262792.h5,1,1,"[0.027708493173122406, 0.9722914695739746]","[-1.6326854228973389, 1.9252310991287231]"
HCC1187_CIDs25227436_CIDs00123631.h5,0,0,"[0.520855188369751, 0.47914478182792664]","[0.8026212453842163, 0.7191520929336548]"
MDAMB175VII_CIDs49867930_CIDs11152667.h5,0,0,"[0.9395521283149719, 0.06044789403676987]","[1.5371294021606445, -1.2064921855926514]"
NCIH1793_CIDs24964624_CIDs25262792.h5,1,1,"[0.02375323884189129, 0.97624671459198]","[-1.511655569076538, 2.204340934753418]"
MDAMB436_CIDs25227436_CIDs56946894.h5,1,1,"[0.13621926307678223, 0.863780677318573]","[-0.7560898661613464, 1.0909632444381714]"
NCIH226_CIDs46836568_CIDs00005515.h5,1,1,"[0.08723194897174835, 0.9127680659294128]","[-0.6696180105209351, 1.6782931089401245]"
HT1197_CIDs58423153_CIDs54751698.h5,1,0,"[0.5344650745391846, 0.4655349552631378]","[-0.1813701093196869, -0.31944936513900757]"
RKO_CIDs42611257_CIDs24964624.h5,1,0,"[0.6572785377502441, 0.34272143244743347]","[0.8094143867492676, 0.1582244634628296]"
CALU3_CIDs49846579_CIDs56946894.h5,0,0,"[0.846832275390625, 0.1531677544116974]","[1.0586047172546387, -0.6513642072677612]"
HT29_CIDs90667118_CIDs49800198.h5,1,0,"[0.8168021440505981, 0.18319787085056305]","[0.422558069229126, -1.0722719430923462]"
BT20_CIDs17755052_CIDs46836568.h5,1,1,"[0.03249070793390274, 0.9675092697143555]","[-1.476949691772461, 1.9168212413787842]"
C32_CIDs46244453_CIDs11152667.h5,1,0,"[0.8641904592514038, 0.1358095407485962]","[0.958585798740387, -0.8919538259506226]"
NCIH838_CIDs44381568_CIDs56946894.h5,1,1,"[0.18030337989330292, 0.8196966052055359]","[-0.42736443877220154, 1.0869289636611938]"
MDAMB436_CIDs25262792_CIDs11707110.h5,1,1,"[0.0910314992070198, 0.908968448638916]","[-0.8722133040428162, 1.4288914203643799]"
VMCUB1_CIDs54751698_CIDs25227436.h5,1,0,"[0.7270739078521729, 0.27292606234550476]","[0.279100239276886, -0.7007269859313965]"
UACC812_CIDs24856436_CIDs10127622.h5,1,0,"[0.7880637645721436, 0.21193619072437286]","[0.9569696187973022, -0.3563241958618164]"
T47D_CIDs16719221_CIDs23725625.h5,1,0,"[0.6150148510932922, 0.3849851191043854]","[0.7151215672492981, 0.24667975306510925]"
MDAMB361_CIDs11520894_CIDs25227436.h5,1,1,"[0.09532585740089417, 0.9046741127967834]","[-0.8959305286407471, 1.354343295097351]"
MDAMB361_CIDs25262792_CIDs11707110.h5,1,1,"[0.06380779296159744, 0.9361922144889832]","[-0.7686581015586853, 1.9172873497009277]"
LS513_CIDs90667118_CIDs10127622.h5,1,0,"[0.5488643050193787, 0.45113569498062134]","[0.2618893086910248, 0.0658062994480133]"
BT549_CIDs54751698_CIDs24964624.h5,1,1,"[0.4409267008304596, 0.559073269367218]","[-0.18121813237667084, 0.05618373304605484]"
NCIH1975_CIDs49846579_CIDs05311497.h5,0,1,"[0.28900146484375, 0.71099853515625]","[-0.24548350274562836, 0.6547551155090332]"
CAMA1_CIDs11656518_CIDs11375205.h5,1,0,"[0.7651830315589905, 0.23481693863868713]","[0.543527364730835, -0.6377815008163452]"
SW900_CIDs56946894_CIDs25227436.h5,1,1,"[0.05888710916042328, 0.9411128759384155]","[-1.1021802425384521, 1.6692607402801514]"
MCF7_CIDs11520894_CIDs10127622.h5,1,1,"[0.11648853868246078, 0.8835114240646362]","[-0.537730872631073, 1.4883804321289062]"
NCIH2170_CIDs11707110_CIDs42611257.h5,0,0,"[0.8243914842605591, 0.1756085306406021]","[0.9294359683990479, -0.6169523000717163]"
CAL120_CIDs11152667_CIDs51039095.h5,1,0,"[0.6993268132209778, 0.30067315697669983]","[0.2700754702091217, -0.5740189552307129]"
HCC38_CIDs24964624_CIDs74767926.h5,0,1,"[0.3670228123664856, 0.6329772472381592]","[-0.5046004056930542, 0.04041007161140442]"
NCIH1437_CIDs00001690_CIDs17755052.h5,1,1,"[0.15229445695877075, 0.8477054834365845]","[-0.9370785355567932, 0.7796388864517212]"
NCIH2228_CIDs44199317_CIDs49800198.h5,1,1,"[0.04528038203716278, 0.9547196626663208]","[-1.4089033603668213, 1.6396404504776]"
HCC70_CIDs25262792_CIDs24964624.h5,1,1,"[0.4247644543647766, 0.5752355456352234]","[-0.337943971157074, -0.0346992164850235]"
VMCUB1_CIDs49800198_CIDs25262792.h5,1,0,"[0.6769415140151978, 0.32305845618247986]","[0.48521989583969116, -0.2545316815376282]"
C32_CIDs00447654_CIDs76321032.h5,0,0,"[0.8104203343391418, 0.18957972526550293]","[0.7744691371917725, -0.6782742738723755]"
MDAMB453_CIDs54751698_CIDs67970189.h5,1,1,"[0.23204131424427032, 0.7679587006568909]","[-0.4415319263935089, 0.7552886009216309]"
CAL148_CIDs25262792_CIDs24964624.h5,1,1,"[0.10282797366380692, 0.8971720337867737]","[-1.189208745956421, 0.9769814014434814]"
HCC1419_CIDs16719221_CIDs25227436.h5,1,1,"[0.2551734745502472, 0.7448265552520752]","[-0.5776942372322083, 0.4935135543346405]"
SW948_CIDs45381890_CIDs10127622.h5,1,1,"[0.13423585891723633, 0.8657641410827637]","[-0.3666549026966095, 1.497359275817871]"
NCIH226_CIDs00005515_CIDs17755052.h5,1,1,"[0.06209326535463333, 0.9379067420959473]","[-1.0572454929351807, 1.6577675342559814]"
HT1376_CIDs49800198_CIDs10302451.h5,1,1,"[0.43405333161354065, 0.565946638584137]","[-0.13830643892288208, 0.12702590227127075]"
MDAMB436_CIDs25227436_CIDs17755052.h5,1,1,"[0.23635706305503845, 0.7636429071426392]","[-0.5199012756347656, 0.652855396270752]"
HCC70_CIDs54751698_CIDs10163178.h5,1,0,"[0.5961564779281616, 0.40384358167648315]","[0.004822239279747009, -0.384653240442276]"
UACC812_CIDs11167602_CIDs11152667.h5,0,0,"[0.8830237984657288, 0.11697612702846527]","[1.0958669185638428, -0.9255152940750122]"
HT1197_CIDs10368812_CIDs51039095.h5,0,0,"[0.6638535857200623, 0.33614644408226013]","[-0.035922758281230927, -0.7164374589920044]"
HCC1500_CIDs00148195_CIDs16659841.h5,1,0,"[0.5291858315467834, 0.47081419825553894]","[-0.1478298008441925, -0.26470592617988586]"
MDAMB361_CIDs11717001_CIDs11375205.h5,0,0,"[0.7661386728286743, 0.23386134207248688]","[0.6333456635475159, -0.5532891750335693]"
UMUC3_CIDs00005515_CIDs11375205.h5,0,0,"[0.5094141960144043, 0.4905858039855957]","[-0.059173833578825, -0.09683503210544586]"
647V_CIDs49800198_CIDs51039095.h5,0,0,"[0.5631300210952759, 0.4368700087070465]","[0.4153708815574646, 0.16149599850177765]"
NCIH1299_CIDs05311497_CIDs49800198.h5,1,1,"[0.09553571045398712, 0.9044643044471741]","[-1.0543534755706787, 1.1934894323349]"
KU1919_CIDs23725625_CIDs15953870.h5,1,1,"[0.3584247827529907, 0.641575276851654]","[0.24815475940704346, 0.8303624391555786]"
TCCSUP_CIDs00005515_CIDs72793174.h5,0,1,"[0.372368186712265, 0.6276318430900574]","[-0.05613933503627777, 0.4659312665462494]"
HT1376_CIDs72793174_CIDs11375205.h5,1,1,"[0.437231183052063, 0.562768816947937]","[0.04777950048446655, 0.30018630623817444]"
NCIH747_CIDs11640390_CIDs10127622.h5,1,0,"[0.612675130367279, 0.3873249292373657]","[0.48687565326690674, 0.028304800391197205]"
SW620_CIDs44137675_CIDs03081361.h5,0,0,"[0.5721502900123596, 0.4278497099876404]","[0.49462467432022095, 0.20399487018585205]"
CAMA1_CIDs11955716_CIDs11375205.h5,1,1,"[0.2665403485298157, 0.7334597110748291]","[-0.16513562202453613, 0.8471114635467529]"
HCC1937_CIDs25227436_CIDs46244453.h5,0,1,"[0.14472435414791107, 0.855275571346283]","[-0.6129122376441956, 1.1636804342269897]"
BT549_CIDs51039095_CIDs67161792.h5,1,0,"[0.8089165687561035, 0.19108346104621887]","[0.8071463704109192, -0.6358392238616943]"
SW620_CIDs17755052_CIDs24978538.h5,0,0,"[0.7974463105201721, 0.2025536745786667]","[0.7936162948608398, -0.5767931938171387]"
VMCUB1_CIDs17755052_CIDs25227436.h5,0,0,"[0.5670249462127686, 0.43297508358955383]","[-0.11953467130661011, -0.38925784826278687]"
T24_CIDs23725625_CIDs17755052.h5,0,1,"[0.40380677580833435, 0.596193253993988]","[0.10897542536258698, 0.49860385060310364]"
NCIH2085_CIDs24978538_CIDs49800198.h5,1,1,"[0.14700520038604736, 0.8529947400093079]","[-0.6461888551712036, 1.1120965480804443]"
NCIH2228_CIDs46836568_CIDs00003310.h5,1,1,"[0.018228372558951378, 0.9817715883255005]","[-1.7746658325195312, 2.2117135524749756]"
BT474_CIDs00005311_CIDs51039095.h5,0,0,"[0.8958558440208435, 0.1041441261768341]","[1.8905415534973145, -0.2614622116088867]"
SW900_CIDs05311497_CIDs24978538.h5,1,1,"[0.19363559782505035, 0.8063644170761108]","[-0.532643735408783, 0.893913984298706]"
BT474_CIDs25227436_CIDs00104741.h5,1,1,"[0.49562984704971313, 0.5043700933456421]","[1.0419509410858154, 1.0594319105148315]"
HCC1428_CIDs10127622_CIDs46224759.h5,0,0,"[0.6960499882698059, 0.3039500117301941]","[0.5227168202400208, -0.3058414161205292]"
CAL120_CIDs25262792_CIDs67161792.h5,1,1,"[0.21158182621002197, 0.7884181141853333]","[-0.223468616604805, 1.0919480323791504]"
NCIH358_CIDs49800198_CIDs11152667.h5,1,0,"[0.7950599193572998, 0.204940065741539]","[0.3874899446964264, -0.968209981918335]"
HCC1569_CIDs10127622_CIDs70685869.h5,1,0,"[0.5054205656051636, 0.4945794343948364]","[0.1339249461889267, 0.11224186420440674]"
HS578T_CIDs25262792_CIDs56649450.h5,1,0,"[0.5415516495704651, 0.4584483206272125]","[-0.11115039139986038, -0.2777412533760071]"
DU4475_CIDs56649450_CIDs25227436.h5,1,0,"[0.5131168365478516, 0.48688316345214844]","[-0.09113405644893646, -0.14361338317394257]"
647V_CIDs10302451_CIDs25262792.h5,1,1,"[0.49487656354904175, 0.5051234364509583]","[0.001264125108718872, 0.02175852656364441]"
J82_CIDs46244453_CIDs25262792.h5,0,1,"[0.3505885601043701, 0.6494114995002747]","[-0.2555578351020813, 0.36089542508125305]"
NCIH747_CIDs44381568_CIDs25227436.h5,1,0,"[0.7300362586975098, 0.26996374130249023]","[0.5106670260429382, -0.4841395318508148]"
CAL120_CIDs56649450_CIDs11375205.h5,0,1,"[0.15935494005680084, 0.8406450748443604]","[-0.7126074433326721, 0.9504280090332031]"
T47D_CIDs25227436_CIDs56946894.h5,1,0,"[0.5473546981811523, 0.45264533162117004]","[0.11966609954833984, -0.07032197713851929]"
MDAMB436_CIDs54751698_CIDs73294313.h5,1,1,"[0.09657566994428635, 0.9034243822097778]","[-0.930853009223938, 1.3050127029418945]"
HCC1500_CIDs11717001_CIDs10127622.h5,1,1,"[0.07132666558027267, 0.9286733865737915]","[-1.1513164043426514, 1.415170431137085]"
NCIH747_CIDs24998177_CIDs16659841.h5,0,0,"[0.7123532295227051, 0.2876467704772949]","[0.48858362436294556, -0.41825708746910095]"
MDAMB453_CIDs24964624_CIDs46836568.h5,0,1,"[0.15832263231277466, 0.8416773676872253]","[-1.088247537612915, 0.5825142860412598]"
MDAMB361_CIDs10126189_CIDs10127622.h5,1,1,"[0.13032478094100952, 0.8696752190589905]","[-0.09781992435455322, 1.8002701997756958]"
C32_CIDs23725625_CIDs11152667.h5,0,1,"[0.41670525074005127, 0.5832947492599487]","[0.14452657103538513, 0.4808400869369507]"
SW900_CIDs46244453_CIDs11152667.h5,1,1,"[0.307099848985672, 0.6929001212120056]","[-0.3115938603878021, 0.5021190643310547]"
MDAMB157_CIDs72793174_CIDs74767926.h5,1,1,"[0.04595432057976723, 0.9540457129478455]","[-1.0053980350494385, 2.027665615081787]"
HS578T_CIDs51039095_CIDs46244453.h5,0,0,"[0.6767625212669373, 0.3232375383377075]","[-0.10437609255313873, -0.8433090448379517]"
UACC812_CIDs25033539_CIDs00123631.h5,1,0,"[0.6823912262916565, 0.3176087439060211]","[1.2713549137115479, 0.5065720081329346]"
NCIH23_CIDs11213558_CIDs49800198.h5,1,0,"[0.5878264904022217, 0.4121735095977783]","[0.35171645879745483, -0.0032710134983062744]"
MCF7_CIDs49867930_CIDs11152667.h5,1,0,"[0.7501125335693359, 0.24988751113414764]","[0.5793219804763794, -0.5198904275894165]"
VMCUB1_CIDs15953870_CIDs00005311.h5,1,0,"[0.8855876922607422, 0.1144123449921608]","[1.8040378093719482, -0.24240463972091675]"
UACC812_CIDs24978538_CIDs11375205.h5,1,0,"[0.7925301790237427, 0.20746980607509613]","[0.6109378337860107, -0.7293069362640381]"
NCIH747_CIDs10302451_CIDs10127622.h5,1,0,"[0.7528263330459595, 0.24717366695404053]","[0.9390978813171387, -0.17464536428451538]"
BT474_CIDs24856436_CIDs23725625.h5,0,0,"[0.7498562335968018, 0.25014376640319824]","[0.8084957599639893, -0.2893499433994293]"
NCIH1563_CIDs00003461_CIDs49800198.h5,1,1,"[0.1566287875175476, 0.8433712124824524]","[-0.42676857113838196, 1.2567601203918457]"
T47D_CIDs25262792_CIDs11707110.h5,1,0,"[0.5167250633239746, 0.4832749366760254]","[0.05959874391555786, -0.007326394319534302]"
BFTC905_CIDs58423153_CIDs25227436.h5,1,1,"[0.16469132900238037, 0.8353086709976196]","[-0.8516231775283813, 0.7721052169799805]"
NCIH1793_CIDs46244453_CIDs49800198.h5,1,1,"[0.04316457360982895, 0.9568354487419128]","[-1.5648293495178223, 1.5337820053100586]"
J82_CIDs10368812_CIDs17755052.h5,1,1,"[0.1327846348285675, 0.8672153353691101]","[-0.7445862889289856, 1.1319724321365356]"
NCIH2291_CIDs00005515_CIDs17755052.h5,1,1,"[0.21479523181915283, 0.7852047681808472]","[-0.6882110834121704, 0.6080483198165894]"
NCIH2085_CIDs17755052_CIDs49800198.h5,1,1,"[0.15476302802562714, 0.8452370166778564]","[-0.545827329158783, 1.1518945693969727]"
DMS114_CIDs25033539_CIDs51039095.h5,0,0,"[0.6243913769721985, 0.3756086528301239]","[0.19450166821479797, -0.3137279152870178]"
BT20_CIDs25227436_CIDs46836568.h5,1,1,"[0.032718151807785034, 0.9672818779945374]","[-1.4179704189300537, 1.968589425086975]"
NCIH358_CIDs56946894_CIDs25227436.h5,1,1,"[0.08369395136833191, 0.9163060784339905]","[-1.34346342086792, 1.049720287322998]"
647V_CIDs46244453_CIDs00005311.h5,0,0,"[0.7724331617355347, 0.22756680846214294]","[1.4963481426239014, 0.274246484041214]"
BT474_CIDs25227436_CIDs25262792.h5,1,0,"[0.7334786653518677, 0.26652130484580994]","[0.21757179498672485, -0.7947726249694824]"
CAMA1_CIDs24964624_CIDs00005376.h5,1,0,"[0.5897414088249207, 0.41025859117507935]","[1.101346731185913, 0.738450288772583]"
HCC1419_CIDs25033539_CIDs00123631.h5,1,0,"[0.5922806859016418, 0.40771931409835815]","[0.9377540946006775, 0.5643523931503296]"
T24_CIDs72793174_CIDs11375205.h5,0,0,"[0.9092685580253601, 0.09073145687580109]","[1.2669422626495361, -1.0377941131591797]"
NCIH838_CIDs17755052_CIDs49800198.h5,1,1,"[0.24740827083587646, 0.7525917291641235]","[-0.4959505796432495, 0.6165324449539185]"
NCIH838_CIDs49846579_CIDs00003310.h5,0,1,"[0.0766151174902916, 0.9233848452568054]","[-1.1610400676727295, 1.3282115459442139]"
SW48_CIDs17755052_CIDs49800198.h5,0,1,"[0.4260500967502594, 0.573949933052063]","[-0.36449700593948364, -0.06651169806718826]"
MDAMB361_CIDs24964624_CIDs46836568.h5,1,1,"[0.07479141652584076, 0.925208568572998]","[-0.8542357683181763, 1.6610801219940186]"
HCC1419_CIDs10127622_CIDs70685869.h5,1,1,"[0.2269912213087082, 0.7730088233947754]","[-0.36408817768096924, 0.8612909317016602]"
CALU6_CIDs00003310_CIDs58423153.h5,1,1,"[0.017556605860590935, 0.9824434518814087]","[-1.7410099506378174, 2.283602476119995]"
NCIH1299_CIDs00003310_CIDs24978538.h5,1,1,"[0.16614139080047607, 0.8338586688041687]","[-0.5152098536491394, 1.0980148315429688]"
BT474_CIDs16719221_CIDs03081361.h5,0,0,"[0.7793460488319397, 0.22065390646457672]","[0.8280653953552246, -0.4337943196296692]"
C32_CIDs24998177_CIDs24978538.h5,0,0,"[0.8335070013999939, 0.16649293899536133]","[0.8315553665161133, -0.7791339159011841]"
BT474_CIDs11167602_CIDs25262792.h5,0,0,"[0.82398921251297, 0.17601077258586884]","[0.7259705662727356, -0.8176417350769043]"
BFTC905_CIDs15953870_CIDs54751698.h5,1,1,"[0.3739943206310272, 0.6260057091712952]","[-0.2013561725616455, 0.3137626647949219]"
CAL120_CIDs17755052_CIDs74767926.h5,1,1,"[0.2598705291748047, 0.7401294708251953]","[-0.4423195719718933, 0.6043219566345215]"
HCC1428_CIDs72793174_CIDs67161792.h5,1,0,"[0.6080477833747864, 0.391952246427536]","[0.30819785594940186, -0.13091550767421722]"
MDAMB231_CIDs54751698_CIDs58423153.h5,1,1,"[0.3152598738670349, 0.6847401857376099]","[-0.436502605676651, 0.33913952112197876]"
SW48_CIDs24978538_CIDs49800198.h5,1,1,"[0.19834047555923462, 0.8016595244407654]","[-0.6904125809669495, 0.7062863111495972]"
HT1376_CIDs25262792_CIDs25227436.h5,1,1,"[0.15294191241264343, 0.847058117389679]","[-0.6568031907081604, 1.054908037185669]"
COLO205_CIDs46244453_CIDs11152667.h5,1,0,"[0.9031251072883606, 0.09687487781047821]","[0.7934368252754211, -1.4390040636062622]"
J82_CIDs58423153_CIDs11152667.h5,0,0,"[0.888524055480957, 0.11147595942020416]","[0.9624743461608887, -1.1132783889770508]"
UACC812_CIDs24978538_CIDs25227436.h5,1,0,"[0.8837268352508545, 0.11627322435379028]","[1.0423786640167236, -0.9858264923095703]"
647V_CIDs58423153_CIDs10127622.h5,1,1,"[0.17081087827682495, 0.829189121723175]","[-0.39315199851989746, 1.1867393255233765]"
TCCSUP_CIDs72793174_CIDs54751698.h5,0,1,"[0.33669915795326233, 0.6633008718490601]","[-0.25958749651908875, 0.41845133900642395]"
TCCSUP_CIDs46244453_CIDs51039095.h5,1,1,"[0.1854558140039444, 0.8145442008972168]","[-0.6881394982337952, 0.7916727066040039]"
MDAMB157_CIDs51039095_CIDs72793174.h5,1,1,"[0.12774984538555145, 0.8722501993179321]","[-0.6626300811767578, 1.2583720684051514]"
MCF7_CIDs06442177_CIDs25262792.h5,1,1,"[0.06589615345001221, 0.9341039061546326]","[-0.6001701951026917, 2.051337480545044]"
BT474_CIDs25033539_CIDs00123631.h5,1,0,"[0.547890841960907, 0.452109158039093]","[0.9257403016090393, 0.7335878610610962]"
HS578T_CIDs25262792_CIDs67161792.h5,1,1,"[0.49692782759666443, 0.5030721426010132]","[-0.2513427138328552, -0.2390539050102234]"
HCC38_CIDs17755052_CIDs25227436.h5,0,0,"[0.6570262908935547, 0.3429737687110901]","[0.11889590322971344, -0.5311741828918457]"
MCF7_CIDs06442177_CIDs25227436.h5,1,1,"[0.08210991322994232, 0.9178900122642517]","[-0.46511444449424744, 1.9489043951034546]"
HT29_CIDs17755052_CIDs10127622.h5,1,1,"[0.2548781633377075, 0.7451218366622925]","[-0.04332559555768967, 1.0294365882873535]"
CAMA1_CIDs11656518_CIDs25227436.h5,1,0,"[0.5479046106338501, 0.4520954191684723]","[0.08835411071777344, -0.10385382175445557]"
HCC1500_CIDs00176166_CIDs51039095.h5,0,1,"[0.41858285665512085, 0.5814172029495239]","[-0.3539474308490753, -0.02535375766456127]"
C32_CIDs11519784_CIDs10127622.h5,1,1,"[0.3266197741031647, 0.6733802556991577]","[-0.11220107227563858, 0.6113122701644897]"
HCT116_CIDs42611257_CIDs24964624.h5,0,0,"[0.6644676923751831, 0.3355323374271393]","[0.5426023006439209, -0.14066563546657562]"
HCC1419_CIDs25227436_CIDs56946894.h5,1,1,"[0.15337543189525604, 0.8466246128082275]","[-0.9291131496429443, 0.7792555093765259]"
HCC1954_CIDs25227436_CIDs11375205.h5,1,1,"[0.05580347776412964, 0.9441965222358704]","[-0.9931954741477966, 1.835302710533142]"
CAL148_CIDs25262792_CIDs67970189.h5,1,1,"[0.1655118763446808, 0.8344880938529968]","[-0.8148672580718994, 0.802908182144165]"
HCC1419_CIDs25227436_CIDs00123631.h5,1,0,"[0.5890745520591736, 0.41092541813850403]","[0.9748297333717346, 0.6146887540817261]"
NCIH2170_CIDs24978538_CIDs56946894.h5,1,1,"[0.3312022387981415, 0.6687977910041809]","[-0.17484943568706512, 0.5279030799865723]"
T24_CIDs46244453_CIDs11152667.h5,1,0,"[0.9015774130821228, 0.0984225794672966]","[1.2541918754577637, -0.9606837034225464]"
HCC1143_CIDs17755052_CIDs58423153.h5,1,0,"[0.7581250071525574, 0.24187499284744263]","[0.34421154856681824, -0.7982157468795776]"
NCIH2085_CIDs49846579_CIDs11152667.h5,0,0,"[0.814067542552948, 0.185932457447052]","[0.7438715100288391, -0.7327884435653687]"
HCC1187_CIDs10127622_CIDs10163178.h5,1,1,"[0.08314767479896545, 0.9168522953987122]","[-0.8137283325195312, 1.5865999460220337]"
TCCSUP_CIDs23725625_CIDs46244453.h5,0,1,"[0.11293568462133408, 0.8870643377304077]","[-0.5115324854850769, 1.5495665073394775]"
RT4_CIDs44381568_CIDs51039095.h5,1,1,"[0.461508572101593, 0.538491427898407]","[0.0747227892279625, 0.2289937436580658]"
HCC1419_CIDs00148195_CIDs10127622.h5,1,1,"[0.4149124324321747, 0.5850875377655029]","[0.2689662575721741, 0.61266028881073]"
MDAMB361_CIDs00148191_CIDs10127622.h5,1,1,"[0.12316268682479858, 0.8768373131752014]","[-0.40986284613609314, 1.552952527999878]"
HT29_CIDs11519784_CIDs10127622.h5,1,1,"[0.23101939260959625, 0.7689806222915649]","[-0.2256663590669632, 0.9768977165222168]"
CAL120_CIDs25262792_CIDs17755052.h5,1,1,"[0.2993401885032654, 0.7006598711013794]","[-0.38633057475090027, 0.46411120891571045]"
BT474_CIDs24856436_CIDs16659841.h5,0,0,"[0.9051547646522522, 0.09484519809484482]","[1.0311245918273926, -1.2247352600097656]"
BT20_CIDs24964624_CIDs49846579.h5,1,1,"[0.05987143516540527, 0.94012850522995]","[-1.2240467071533203, 1.5297704935073853]"
BFTC905_CIDs46244453_CIDs72793174.h5,1,1,"[0.33269912004470825, 0.6673008799552917]","[-0.39875906705856323, 0.2972434461116791]"
HCC1187_CIDs17755052_CIDs51039095.h5,1,1,"[0.4147682785987854, 0.5852316617965698]","[-0.10465510934591293, 0.23963269591331482]"
HCC1937_CIDs24964624_CIDs10163178.h5,1,1,"[0.08297894895076752, 0.9170210957527161]","[-1.3963994979858398, 1.0061440467834473]"
MCF7_CIDs25033539_CIDs16659841.h5,1,1,"[0.13235485553741455, 0.8676450848579407]","[-0.9156121611595154, 0.9646841287612915]"
BT20_CIDs24964624_CIDs73294313.h5,1,1,"[0.00998465996235609, 0.9900153279304504]","[-2.135878086090088, 2.4607925415039062]"
T47D_CIDs00004261_CIDs25262792.h5,0,0,"[0.5960657000541687, 0.4039342403411865]","[0.68246990442276, 0.2933710813522339]"
MCF7_CIDs25262792_CIDs00005376.h5,1,0,"[0.6141826510429382, 0.38581734895706177]","[1.087400197982788, 0.6224719285964966]"
MCF7_CIDs00148191_CIDs10127622.h5,1,1,"[0.14084312319755554, 0.8591568470001221]","[-0.5652633309364319, 1.2430415153503418]"
T47D_CIDs25033539_CIDs10127622.h5,1,1,"[0.45393186807632446, 0.5460681319236755]","[0.5405886173248291, 0.725385308265686]"
BT20_CIDs10127622_CIDs74767926.h5,1,1,"[0.08276895433664322, 0.917231023311615]","[-0.855208158493042, 1.550098180770874]"
NCIH747_CIDs03081361_CIDs10127622.h5,1,0,"[0.6745745539665222, 0.3254254460334778]","[1.0019426345825195, 0.272993803024292]"
C32_CIDs46244173_CIDs49800198.h5,1,0,"[0.6288187503814697, 0.37118130922317505]","[0.4341343343257904, -0.09301808476448059]"
HCC1395_CIDs17755052_CIDs46836568.h5,0,1,"[0.4225563406944275, 0.5774436593055725]","[-0.24472488462924957, 0.06756317615509033]"
MCF7_CIDs25227436_CIDs56946894.h5,1,1,"[0.19106978178024292, 0.8089302182197571]","[-0.5922290682792664, 0.8508448600769043]"
NCIH23_CIDs46836568_CIDs49800198.h5,1,1,"[0.19357071816921234, 0.8064292669296265]","[-0.5758127570152283, 0.8511606454849243]"
DU4475_CIDs25262792_CIDs56649450.h5,0,1,"[0.3918728232383728, 0.6081271171569824]","[-0.31428778171539307, 0.1251589059829712]"
SW948_CIDs44199317_CIDs10127622.h5,0,1,"[0.13370749354362488, 0.8662924766540527]","[-0.38125109672546387, 1.4873169660568237]"
NCIH1299_CIDs00003310_CIDs11327430.h5,1,1,"[0.07584049552679062, 0.9241595268249512]","[-1.0278549194335938, 1.4723972082138062]"
BT20_CIDs56649450_CIDs11375205.h5,1,1,"[0.18235519528388977, 0.8176447749137878]","[-0.8845391869544983, 0.6159324645996094]"
SW780_CIDs15953870_CIDs58423153.h5,0,0,"[0.9319145083427429, 0.06808546185493469]","[1.2159128189086914, -1.400564432144165]"
MDAMB361_CIDs00093860_CIDs25262792.h5,1,1,"[0.12425705045461655, 0.8757429718971252]","[-0.5870742201805115, 1.3656460046768188]"
DU4475_CIDs51039095_CIDs73294313.h5,1,0,"[0.5156219601631165, 0.48437806963920593]","[-0.11175692081451416, -0.174265056848526]"
HCC1806_CIDs24964624_CIDs67161792.h5,1,1,"[0.061095915734767914, 0.9389041066169739]","[-1.3898017406463623, 1.3424667119979858]"
MCF7_CIDs25033539_CIDs10127622.h5,1,1,"[0.11638674885034561, 0.8836132287979126]","[-0.5825669765472412, 1.4445338249206543]"
CAMA1_CIDs17754438_CIDs23725625.h5,1,1,"[0.12336833775043488, 0.8766316771507263]","[-0.4684091806411743, 1.49250328540802]"
UMUC3_CIDs51039095_CIDs10302451.h5,1,0,"[0.5613328218460083, 0.4386671483516693]","[0.12560626864433289, -0.12096671760082245]"
BFTC905_CIDs17755052_CIDs25227436.h5,1,1,"[0.23953117430210114, 0.7604687809944153]","[-0.45869117975234985, 0.6965603828430176]"
HT1376_CIDs46244453_CIDs11152667.h5,1,0,"[0.636851966381073, 0.3631480038166046]","[0.4137476086616516, -0.14797912538051605]"
BT474_CIDs11707110_CIDs25262792.h5,1,0,"[0.5727164149284363, 0.42728355526924133]","[0.36189448833465576, 0.06895168125629425]"
NCIH1299_CIDs05311497_CIDs24978538.h5,1,1,"[0.2045842856168747, 0.7954156994819641]","[-0.45933109521865845, 0.8985538482666016]"
CAL148_CIDs16654980_CIDs24964624.h5,1,1,"[0.1517980843782425, 0.8482018709182739]","[-0.824483335018158, 0.8960840702056885]"
BT549_CIDs10127622_CIDs67161792.h5,1,1,"[0.26146116852760315, 0.7385388612747192]","[-0.29801997542381287, 0.7403680086135864]"
T47D_CIDs24978538_CIDs11152667.h5,0,0,"[0.8587835431098938, 0.1412164866924286]","[0.9209177494049072, -0.8843050003051758]"
SW780_CIDs15953870_CIDs54751698.h5,0,0,"[0.9403733611106873, 0.059626705944538116]","[1.2971103191375732, -1.461063027381897]"
A549_CIDs11597571_CIDs56946894.h5,1,1,"[0.29485195875167847, 0.7051481008529663]","[-0.5345351696014404, 0.3373992145061493]"
BT20_CIDs17755052_CIDs11707110.h5,1,1,"[0.05896471440792084, 0.9410353302955627]","[-1.3437390327453613, 1.4263023138046265]"
MDAMB361_CIDs17755052_CIDs25262792.h5,1,1,"[0.09530171006917953, 0.9046983122825623]","[-0.597221314907074, 1.6533325910568237]"
CAL51_CIDs17755052_CIDs24964624.h5,1,1,"[0.3218955397605896, 0.6781044602394104]","[-0.22062590718269348, 0.5244483947753906]"
NCIH1299_CIDs00003310_CIDs49800198.h5,1,1,"[0.0262905303388834, 0.9737094044685364]","[-1.737656831741333, 1.8742473125457764]"
RT4_CIDs25033539_CIDs51039095.h5,1,1,"[0.3917164206504822, 0.6082835793495178]","[-0.10919053852558136, 0.3309125304222107]"
CAMA1_CIDs00104741_CIDs51039095.h5,1,1,"[0.3501203656196594, 0.6498796939849854]","[0.7914801836013794, 1.4099904298782349]"
SW48_CIDs44381568_CIDs24978538.h5,1,1,"[0.2693327069282532, 0.730667233467102]","[-0.5403388738632202, 0.4576718807220459]"
CAMA1_CIDs16720766_CIDs23725625.h5,1,1,"[0.20555204153060913, 0.7944479584693909]","[-0.05514417961239815, 1.2968040704727173]"
BFTC905_CIDs23725625_CIDs54751698.h5,1,1,"[0.146292582154274, 0.8537074327468872]","[-0.3358740210533142, 1.4281059503555298]"
NCIH358_CIDs00064780_CIDs49800198.h5,1,1,"[0.4615728557109833, 0.5384271144866943]","[-0.3173113763332367, -0.16329914331436157]"
HCC1395_CIDs24964624_CIDs58423153.h5,1,1,"[0.2395058572292328, 0.7604941725730896]","[-0.8193886280059814, 0.33600184321403503]"
BT474_CIDs11717001_CIDs51039095.h5,0,0,"[0.9461336135864258, 0.05386636033654213]","[1.1312870979309082, -1.7345904111862183]"
BT474_CIDs00104741_CIDs25262792.h5,1,1,"[0.4964452385902405, 0.5035547614097595]","[1.0824289321899414, 1.0966482162475586]"
NCIH1563_CIDs70685869_CIDs56946894.h5,1,1,"[0.13799984753131866, 0.8620001673698425]","[-0.491960346698761, 1.3400425910949707]"
HCC38_CIDs25227436_CIDs24964624.h5,0,1,"[0.4062011241912842, 0.593798816204071]","[-0.36124947667121887, 0.018442712724208832]"
SW780_CIDs51039095_CIDs11152667.h5,1,0,"[0.9414921998977661, 0.0585077702999115]","[1.2178070545196533, -1.5604995489120483]"
MDAMB175VII_CIDs06442177_CIDs11375205.h5,1,1,"[0.12102670222520828, 0.8789732456207275]","[-0.22307907044887543, 1.7596641778945923]"
MDAMB361_CIDs25227436_CIDs17755052.h5,1,1,"[0.12320523709058762, 0.8767948150634766]","[-0.502068042755127, 1.4603533744812012]"
NCIH1975_CIDs44449126_CIDs49800198.h5,1,1,"[0.16057471930980682, 0.8394253253936768]","[-0.4740796685218811, 1.1798784732818604]"
DU4475_CIDs25227436_CIDs73294313.h5,0,1,"[0.37276095151901245, 0.6272389888763428]","[-0.5935754179954529, -0.07318507879972458]"
MDAMB468_CIDs25262792_CIDs10163178.h5,1,1,"[0.10773111879825592, 0.8922688961029053]","[-1.1838529109954834, 0.9302762746810913]"
SW780_CIDs46244453_CIDs54751698.h5,0,0,"[0.9084294438362122, 0.09157055616378784]","[1.178436040878296, -1.1161713600158691]"
J82_CIDs10302451_CIDs11152667.h5,0,0,"[0.5104328989982605, 0.4895671010017395]","[-0.10550306737422943, -0.14724069833755493]"
NCIH23_CIDs49846579_CIDs11152667.h5,0,0,"[0.8660280108451843, 0.1339719593524933]","[0.8675481677055359, -0.9987386465072632]"
NCIH747_CIDs24998177_CIDs24978538.h5,1,0,"[0.8762496709823608, 0.12375038117170334]","[0.9301644563674927, -1.0272201299667358]"
HT1376_CIDs10302451_CIDs54751698.h5,1,1,"[0.4057082533836365, 0.5942918062210083]","[-0.1515577882528305, 0.2301783263683319]"
T47D_CIDs25227436_CIDs06442177.h5,1,1,"[0.2255273312330246, 0.774472713470459]","[0.4099941849708557, 1.6437351703643799]"
SW900_CIDs46836568_CIDs05311497.h5,1,1,"[0.03593211621046066, 0.9640678763389587]","[-1.6510932445526123, 1.6384371519088745]"
CALU3_CIDs11707110_CIDs70685869.h5,1,1,"[0.1480819433927536, 0.8519180417060852]","[-0.6794188022613525, 1.0703058242797852]"
NCIH520_CIDs73294313_CIDs10127622.h5,0,1,"[0.08034863322973251, 0.9196513295173645]","[-0.9183887243270874, 1.5192307233810425]"
RKO_CIDs49800198_CIDs76321032.h5,1,1,"[0.22759075462818146, 0.772409200668335]","[-0.37838873267173767, 0.8435766696929932]"
NCIH1437_CIDs00003310_CIDs11327430.h5,1,1,"[0.20747506618499756, 0.7925248742103577]","[-0.39310383796691895, 0.9471088647842407]"
MDAMB231_CIDs10127622_CIDs17755052.h5,1,1,"[0.22910961508750916, 0.7708904147148132]","[0.01069939136505127, 1.2240450382232666]"
NCIH838_CIDs56946894_CIDs11152667.h5,0,1,"[0.2709590494632721, 0.7290409803390503]","[-0.26714760065078735, 0.7226147651672363]"
NCIH1299_CIDs46244453_CIDs11152667.h5,1,1,"[0.18058519065380096, 0.8194147944450378]","[-0.6094688773155212, 0.9029189348220825]"
CAL120_CIDs11375205_CIDs51039095.h5,1,1,"[0.08639372885227203, 0.9136062264442444]","[-0.8273791670799255, 1.5311052799224854]"
NCIH358_CIDs00003310_CIDs11327430.h5,1,1,"[0.09172593802213669, 0.9082739949226379]","[-0.6020832061767578, 1.6906574964523315]"
HT1376_CIDs00005515_CIDs25262792.h5,1,1,"[0.21098855137825012, 0.7890114784240723]","[-0.4351887106895447, 0.8837881088256836]"
TCCSUP_CIDs46244453_CIDs49800198.h5,1,1,"[0.39457449316978455, 0.6054255366325378]","[-0.054529041051864624, 0.3735945522785187]"
HCC1395_CIDs54751698_CIDs58423153.h5,1,1,"[0.3598919212818146, 0.640108048915863]","[-0.38433149456977844, 0.19150185585021973]"
NCIH1703_CIDs16719221_CIDs51039095.h5,1,1,"[0.16864193975925446, 0.831358015537262]","[-0.6201454997062683, 0.9751373529434204]"
J82_CIDs10302451_CIDs25227436.h5,1,1,"[0.27776721119880676, 0.7222327589988708]","[-0.37538307905197144, 0.5801811218261719]"
NCIH747_CIDs00104842_CIDs76321032.h5,0,1,"[0.45056718587875366, 0.5494328141212463]","[-0.0809415727853775, 0.11743772029876709]"
CAMA1_CIDs00148191_CIDs25227436.h5,1,1,"[0.23123304545879364, 0.7687669396400452]","[-0.36628660559654236, 0.8350751399993896]"
SW900_CIDs56946894_CIDs49800198.h5,1,1,"[0.039508190006017685, 0.9604918360710144]","[-1.1773853302001953, 2.013552188873291]"
MDAMB361_CIDs17755052_CIDs11375205.h5,1,1,"[0.17852815985679626, 0.8214718699455261]","[-0.25613826513290405, 1.27021324634552]"
NCIH522_CIDs24978538_CIDs49800198.h5,1,1,"[0.04891328513622284, 0.9510867595672607]","[-1.3432247638702393, 1.6243314743041992]"
MCF7_CIDs00001805_CIDs23725625.h5,1,1,"[0.31582528352737427, 0.6841747164726257]","[-0.022214379161596298, 0.7508097887039185]"
DMS114_CIDs73294313_CIDs03081361.h5,1,1,"[0.4534175395965576, 0.5465824604034424]","[0.1944299340248108, 0.38130179047584534]"
NCIH1703_CIDs25262792_CIDs51039095.h5,1,1,"[0.18536226451396942, 0.8146377205848694]","[-0.4765409231185913, 1.0038905143737793]"
BT549_CIDs17755052_CIDs58423153.h5,1,1,"[0.4342796206474304, 0.5657203793525696]","[-0.1686253845691681, 0.09578593820333481]"
HCC70_CIDs25262792_CIDs56649450.h5,0,0,"[0.7342453598976135, 0.2657546103000641]","[0.24874410033226013, -0.7675257921218872]"
NCIH226_CIDs10127622_CIDs56673688.h5,1,1,"[0.026085995137691498, 0.9739140272140503]","[-1.2823657989501953, 2.3375587463378906]"
HCC1500_CIDs00001805_CIDs11375205.h5,0,1,"[0.2839161157608032, 0.7160839438438416]","[-0.4361587166786194, 0.48895981907844543]"
MCF7_CIDs17754438_CIDs00123631.h5,1,0,"[0.5221109986305237, 0.47788897156715393]","[0.9209282398223877, 0.8324264287948608]"
NCIH838_CIDs44137675_CIDs49800198.h5,1,1,"[0.22496606409549713, 0.7750339508056641]","[-0.31367027759552, 0.923287034034729]"
HCC1419_CIDs24856436_CIDs25262792.h5,0,1,"[0.46958547830581665, 0.5304144620895386]","[-0.1258268654346466, -0.004018507897853851]"
NCIH522_CIDs00003310_CIDs58423153.h5,1,1,"[0.017818119376897812, 0.9821818470954895]","[-2.0273354053497314, 1.9822250604629517]"
HCT116_CIDs00104842_CIDs11375205.h5,1,1,"[0.24009300768375397, 0.7599070072174072]","[-0.16408482193946838, 0.9880849123001099]"
DU4475_CIDs17755052_CIDs73294313.h5,1,1,"[0.3138282895088196, 0.6861717104911804]","[-0.6091136336326599, 0.17316830158233643]"
CAMA1_CIDs17754438_CIDs10127622.h5,1,1,"[0.16182097792625427, 0.8381790518760681]","[-0.2544419467449188, 1.3902990818023682]"
CAL51_CIDs25262792_CIDs67970189.h5,0,1,"[0.20486927032470703, 0.795130729675293]","[-0.41529640555381775, 0.940838098526001]"
UMUC3_CIDs46244453_CIDs72793174.h5,1,0,"[0.6760377287864685, 0.3239622712135315]","[0.25597646832466125, -0.47964540123939514]"
LS513_CIDs23725625_CIDs11152667.h5,0,1,"[0.20909056067466736, 0.7909094095230103]","[-0.36530178785324097, 0.9651142358779907]"
NCIH1563_CIDs24978538_CIDs56946894.h5,1,0,"[0.6449041366577148, 0.35509586334228516]","[0.2175418883562088, -0.37917202711105347]"
NCIH1793_CIDs00001690_CIDs44137675.h5,1,1,"[0.1232072040438652, 0.8767927885055542]","[-1.1206066608428955, 0.8417965173721313]"
HT29_CIDs11519784_CIDs49800198.h5,1,0,"[0.8348454236984253, 0.1651545912027359]","[0.49313783645629883, -1.1272268295288086]"
MDAMB453_CIDs10127622_CIDs70685869.h5,1,0,"[0.730384886264801, 0.269615113735199]","[0.6074486970901489, -0.3891274929046631]"
HCC70_CIDs72793174_CIDs23725625.h5,0,1,"[0.42239871621131897, 0.5776012539863586]","[-0.002077387645840645, 0.3108566403388977]"
CAMA1_CIDs11520894_CIDs11152667.h5,1,0,"[0.5821036100387573, 0.4178963899612427]","[-0.06711716949939728, -0.3985321819782257]"
MCF7_CIDs25194865_CIDs51039095.h5,1,1,"[0.14067810773849487, 0.8593218326568604]","[-0.7449043989181519, 1.0647648572921753]"
NCIH522_CIDs00003310_CIDs49800198.h5,1,1,"[0.01458333246409893, 0.9854167103767395]","[-2.1401968002319336, 2.072988748550415]"
NCIH1437_CIDs00003310_CIDs24978538.h5,1,1,"[0.37455686926841736, 0.6254431009292603]","[-0.1829213798046112, 0.32979533076286316]"
BT549_CIDs56649450_CIDs54751698.h5,1,1,"[0.30001214146614075, 0.6999878883361816]","[-0.5700877904891968, 0.2771523892879486]"
BT474_CIDs24964624_CIDs17755052.h5,1,0,"[0.6294943690299988, 0.3705056309700012]","[0.3086802661418915, -0.22136804461479187]"
647V_CIDs11375205_CIDs17755052.h5,1,0,"[0.5130679607391357, 0.48693206906318665]","[0.20959515869617462, 0.15731146931648254]"
SW48_CIDs44137675_CIDs10127622.h5,1,1,"[0.23526108264923096, 0.764738917350769]","[-0.41140544414520264, 0.7674331665039062]"
MDAMB361_CIDs00104741_CIDs25227436.h5,1,1,"[0.30635371804237366, 0.6936463117599487]","[0.7582640647888184, 1.5754859447479248]"
MDAMB468_CIDs54751698_CIDs74767926.h5,0,1,"[0.23848320543766022, 0.761516809463501]","[-0.6975038051605225, 0.46350958943367004]"
UACC812_CIDs11717001_CIDs23725625.h5,0,0,"[0.6891413331031799, 0.31085869669914246]","[0.7278696298599243, -0.0682382732629776]"
NCIH1299_CIDs56946894_CIDs11152667.h5,0,1,"[0.20505382120609283, 0.7949461936950684]","[-0.6001415848731995, 0.7548604011535645]"
NCIH23_CIDs70685869_CIDs56946894.h5,1,1,"[0.2146999090909958, 0.7853001356124878]","[-0.5128194093704224, 0.7840052843093872]"
SW948_CIDs46244453_CIDs11152667.h5,1,0,"[0.8453270196914673, 0.15467295050621033]","[0.8498841524124146, -0.8485264778137207]"
SW780_CIDs24978538_CIDs51039095.h5,1,0,"[0.9454476237297058, 0.054552409797906876]","[1.4367120265960693, -1.4157847166061401]"
HCC1395_CIDs56649450_CIDs54751698.h5,1,1,"[0.38047245144844055, 0.6195275783538818]","[-0.4085892140865326, 0.07895434647798538]"
MDAMB231_CIDs25262792_CIDs72793174.h5,1,1,"[0.16842155158519745, 0.8315784931182861]","[-0.8055918216705322, 0.7912638187408447]"
NCIH2228_CIDs10127622_CIDs56673688.h5,1,1,"[0.07149563729763031, 0.9285043478012085]","[-0.5785783529281616, 1.9853602647781372]"
HCC1428_CIDs10127622_CIDs16654980.h5,0,0,"[0.6298351287841797, 0.3701649010181427]","[0.5821414589881897, 0.05063195526599884]"
NCIH522_CIDs17755052_CIDs49800198.h5,1,1,"[0.05129558593034744, 0.9487044811248779]","[-1.4660067558288574, 1.4514858722686768]"
BFTC905_CIDs72793174_CIDs10127622.h5,1,0,"[0.5115218162536621, 0.4884782135486603]","[0.3448958992958069, 0.298800528049469]"
HCC1500_CIDs24978538_CIDs03081361.h5,1,1,"[0.4478326141834259, 0.5521673560142517]","[0.3984357416629791, 0.6078673601150513]"
HT29_CIDs45381890_CIDs03081361.h5,1,0,"[0.7076034545898438, 0.29239651560783386]","[0.7325657606124878, -0.1512073576450348]"
HCC1569_CIDs25262792_CIDs06442177.h5,1,1,"[0.23821014165878296, 0.7617899179458618]","[0.06318832188844681, 1.225705862045288]"
NCIH838_CIDs24978538_CIDs49800198.h5,1,1,"[0.22379516065120697, 0.7762048244476318]","[-0.5225358009338379, 0.7211495637893677]"
HT29_CIDs11640390_CIDs10127622.h5,1,1,"[0.35014402866363525, 0.64985591173172]","[0.11511059105396271, 0.7335165739059448]"
NCIH1793_CIDs44381568_CIDs56946894.h5,1,1,"[0.044395409524440765, 0.955604612827301]","[-1.571958065032959, 1.4972501993179321]"
KU1919_CIDs46244453_CIDs15953870.h5,1,0,"[0.6527745127677917, 0.34722548723220825]","[0.22773683071136475, -0.4035205841064453]"
MDAMB453_CIDs25227436_CIDs00005376.h5,0,0,"[0.738343358039856, 0.26165664196014404]","[1.3007385730743408, 0.2633627951145172]"
TCCSUP_CIDs23725625_CIDs15953870.h5,1,1,"[0.12171218544244766, 0.8782878518104553]","[-0.4685371220111847, 1.5077781677246094]"
BT474_CIDs06442177_CIDs00123631.h5,1,0,"[0.6040300726890564, 0.39596986770629883]","[1.080366611480713, 0.6580806970596313]"
647V_CIDs46244453_CIDs15953870.h5,1,0,"[0.6729623079299927, 0.32703766226768494]","[0.38094672560691833, -0.3406672775745392]"
CALU6_CIDs00003310_CIDs24978538.h5,1,1,"[0.24267613887786865, 0.7573238611221313]","[-0.18456262350082397, 0.953500509262085]"
HCC1187_CIDs24964624_CIDs23725625.h5,1,1,"[0.12034103274345398, 0.8796589374542236]","[-0.39794284105300903, 1.591261863708496]"
HCC1143_CIDs17755052_CIDs74767926.h5,0,0,"[0.7666915655136108, 0.23330843448638916]","[0.3202342391014099, -0.8694890737533569]"
SW780_CIDs00005515_CIDs72793174.h5,1,0,"[0.8132604956626892, 0.18673954904079437]","[1.0454211235046387, -0.4259154498577118]"
647V_CIDs11955716_CIDs49800198.h5,0,1,"[0.4287399649620056, 0.5712600350379944]","[0.15143856406211853, 0.4384324848651886]"
HCC1937_CIDs24964624_CIDs11375205.h5,1,1,"[0.08963480591773987, 0.9103651642799377]","[-1.347010612487793, 0.9710915088653564]"
UMUC3_CIDs25262792_CIDs25227436.h5,1,1,"[0.17920254170894623, 0.8207974433898926]","[-0.5820239186286926, 0.9397357702255249]"
NCIH838_CIDs56946894_CIDs49800198.h5,1,1,"[0.1818898469209671, 0.8181101679801941]","[-0.46023666858673096, 1.0433590412139893]"
BT20_CIDs25262792_CIDs73294313.h5,1,1,"[0.11918600648641586, 0.8808139562606812]","[-1.0336499214172363, 0.9665112495422363]"
MDAMB231_CIDs17755052_CIDs24964624.h5,1,1,"[0.09627115726470947, 0.9037288427352905]","[-0.7959136366844177, 1.4434469938278198]"
NCIH1437_CIDs56946894_CIDs49800198.h5,1,1,"[0.19264967739582062, 0.8073503375053406]","[-0.7063547372817993, 0.726529598236084]"
VMCUB1_CIDs00005515_CIDs25262792.h5,1,0,"[0.6117995381355286, 0.38820046186447144]","[0.3662360906600952, -0.08864673227071762]"
C32_CIDs49800198_CIDs24978538.h5,0,0,"[0.7938879728317261, 0.20611195266246796]","[0.7072456479072571, -0.6412773132324219]"
MDAMB468_CIDs10127622_CIDs67161792.h5,1,1,"[0.06720928102731705, 0.9327906966209412]","[-0.9283705353736877, 1.7019989490509033]"
NCIH23_CIDs44381568_CIDs56946894.h5,1,1,"[0.23307174444198608, 0.7669283151626587]","[-0.5427423119544983, 0.6483047008514404]"
T47D_CIDs17755052_CIDs11375205.h5,1,0,"[0.6750084161758423, 0.32499152421951294]","[0.4615389108657837, -0.26938721537590027]"
UACC812_CIDs00001805_CIDs11152667.h5,1,0,"[0.8987312912940979, 0.1012686938047409]","[1.1539804935455322, -1.029226303100586]"
SW48_CIDs56946894_CIDs24998177.h5,0,1,"[0.48647186160087585, 0.5135281682014465]","[-0.009799066931009293, 0.04432673007249832]"
NCIH838_CIDs44449126_CIDs49800198.h5,1,1,"[0.18926416337490082, 0.810735821723938]","[-0.44193482398986816, 1.0128636360168457]"
CAL120_CIDs09933475_CIDs51039095.h5,1,0,"[0.5325742959976196, 0.4674256443977356]","[0.2919140160083771, 0.16143186390399933]"
HCC1143_CIDs24964624_CIDs67161792.h5,0,0,"[0.6057103276252747, 0.39428970217704773]","[-0.04767250642180443, -0.47698843479156494]"
BT474_CIDs45375953_CIDs25262792.h5,1,0,"[0.8403811454772949, 0.15961888432502747]","[0.5564010739326477, -1.1046653985977173]"
MCF7_CIDs24978538_CIDs25262792.h5,1,1,"[0.0697527825832367, 0.9302472472190857]","[-1.2124080657958984, 1.3780851364135742]"
NCIH226_CIDs00005515_CIDs49800198.h5,1,1,"[0.08870389312505722, 0.9112960696220398]","[-0.7183197140693665, 1.6112444400787354]"
HCC1954_CIDs25227436_CIDs56946894.h5,0,1,"[0.07915249466896057, 0.9208475351333618]","[-0.8436484932899475, 1.6102696657180786]"
MDAMB157_CIDs10127622_CIDs56649450.h5,1,1,"[0.1606927216053009, 0.8393073081970215]","[-0.38828596472740173, 1.2647969722747803]"
HCC1569_CIDs24964624_CIDs00123631.h5,1,0,"[0.5452724099159241, 0.4547276198863983]","[0.9082789421081543, 0.7266920804977417]"
HT1197_CIDs00005311_CIDs51039095.h5,0,0,"[0.8507945537567139, 0.14920541644096375]","[1.656311273574829, -0.08453534543514252]"
SW48_CIDs11519784_CIDs10127622.h5,1,1,"[0.15691471099853516, 0.8430853486061096]","[-0.6514623761177063, 1.0299032926559448]"
SW780_CIDs23725625_CIDs54751698.h5,0,0,"[0.796191930770874, 0.2038080394268036]","[1.1703314781188965, -0.1923302561044693]"
MDAMB468_CIDs24964624_CIDs00005376.h5,0,0,"[0.5971841216087341, 0.4028158485889435]","[0.9736757874488831, 0.5799297094345093]"
MDAMB231_CIDs10127622_CIDs11375205.h5,1,1,"[0.1714298129081726, 0.8285701870918274]","[-0.43526220321655273, 1.1402654647827148]"
BFTC905_CIDs58423153_CIDs17755052.h5,1,1,"[0.2712630033493042, 0.7287369966506958]","[-0.4971824884414673, 0.49104151129722595]"
NCIH747_CIDs44137675_CIDs24978538.h5,0,0,"[0.8863904476165771, 0.11360952258110046]","[1.0097930431365967, -1.0445971488952637]"
SW620_CIDs16659841_CIDs76321032.h5,1,1,"[0.3908768892288208, 0.6091231107711792]","[-0.1722094565629959, 0.2714182734489441]"
DU4475_CIDs10127622_CIDs17755052.h5,1,1,"[0.2958519160747528, 0.7041481137275696]","[0.09087900072336197, 0.9580086469650269]"
MDAMB453_CIDs25262792_CIDs00005376.h5,0,0,"[0.7337861657142639, 0.26621389389038086]","[1.3050470352172852, 0.2911294400691986]"
UACC812_CIDs11707110_CIDs03081361.h5,1,0,"[0.6978927850723267, 0.30210721492767334]","[1.0239193439483643, 0.18663570284843445]"
T47D_CIDs49867926_CIDs16659841.h5,1,0,"[0.7284648418426514, 0.27153512835502625]","[0.4692360460758209, -0.5176118612289429]"
SW780_CIDs00005311_CIDs11955716.h5,1,0,"[0.864966869354248, 0.13503316044807434]","[1.9966647624969482, 0.13949395716190338]"
NCIH23_CIDs44137675_CIDs49800198.h5,1,1,"[0.24451683461666107, 0.7554832100868225]","[-0.3801271915435791, 0.7479461431503296]"
MDAMB468_CIDs24964624_CIDs72793174.h5,1,1,"[0.05737527087330818, 0.9426247477531433]","[-1.4247469902038574, 1.3743078708648682]"
SW780_CIDs11955716_CIDs25227436.h5,0,0,"[0.8436737060546875, 0.1563263237476349]","[0.8692898750305176, -0.8165303468704224]"
C32_CIDs44137675_CIDs24978538.h5,0,0,"[0.8754438757896423, 0.12455619126558304]","[1.0645992755889893, -0.8853747844696045]"
MCF7_CIDs17755052_CIDs00104741.h5,1,1,"[0.2889958322048187, 0.7110041975975037]","[0.7636392712593079, 1.663905382156372]"
HCC70_CIDs25262792_CIDs17755052.h5,1,0,"[0.5753559470176697, 0.4246440529823303]","[0.0036796405911445618, -0.30005791783332825]"
T47D_CIDs49867926_CIDs23725625.h5,0,0,"[0.6177259087562561, 0.3822740912437439]","[0.6483114957809448, 0.1684044599533081]"
BFTC905_CIDs15953870_CIDs72793174.h5,1,1,"[0.17563197016716003, 0.8243680596351624]","[-0.7497535943984985, 0.7964727878570557]"
HCC1428_CIDs51039095_CIDs58423153.h5,0,0,"[0.823971152305603, 0.17602889239788055]","[0.707972526550293, -0.8355149030685425]"
COLO205_CIDs11519784_CIDs10127622.h5,1,1,"[0.17777016758918762, 0.8222298622131348]","[-0.42756712436676025, 1.10396146774292]"
HT1376_CIDs11955716_CIDs58423153.h5,0,1,"[0.30949676036834717, 0.6905032992362976]","[-0.16699093580245972, 0.6354821920394897]"
SW900_CIDs46836568_CIDs00005515.h5,1,1,"[0.029494304209947586, 0.9705057144165039]","[-1.341179609298706, 2.1524405479431152]"
CAMA1_CIDs11707110_CIDs11152667.h5,1,0,"[0.6352407336235046, 0.364759236574173]","[0.3087312579154968, -0.24603530764579773]"
J82_CIDs72793174_CIDs17755052.h5,1,1,"[0.12999127805233002, 0.870008647441864]","[-0.7121014595031738, 1.1889344453811646]"
MDAMB175VII_CIDs49867930_CIDs23725625.h5,1,0,"[0.8445309996604919, 0.15546900033950806]","[1.2085046768188477, -0.4838303029537201]"
MCF7_CIDs11494412_CIDs11375205.h5,1,1,"[0.09308110922574997, 0.9069188833236694]","[-1.0726947784423828, 1.203886866569519]"
HCC1143_CIDs24964624_CIDs11375205.h5,1,0,"[0.5716968178749084, 0.42830321192741394]","[-0.12515373528003693, -0.4139311611652374]"
HCC1419_CIDs00104741_CIDs11375205.h5,1,0,"[0.5142294764518738, 0.4857705533504486]","[0.9686198234558105, 0.9116866588592529]"
BT474_CIDs11597571_CIDs25262792.h5,0,0,"[0.8125216960906982, 0.18747834861278534]","[0.7298375964164734, -0.7366416454315186]"
MCF7_CIDs00104741_CIDs25227436.h5,1,1,"[0.2949180006980896, 0.7050819993019104]","[0.6804360151290894, 1.5520527362823486]"
T47D_CIDs25262792_CIDs06442177.h5,1,1,"[0.21465010941028595, 0.7853499054908752]","[0.3281080722808838, 1.6252280473709106]"
NCIH747_CIDs42611257_CIDs24964624.h5,0,0,"[0.8695248365402222, 0.13047517836093903]","[1.276590347290039, -0.6201735734939575]"
NCIH1703_CIDs24964624_CIDs25262792.h5,1,1,"[0.05501614138484001, 0.9449837803840637]","[-1.2154083251953125, 1.628132939338684]"
NCIH23_CIDs46836568_CIDs00003310.h5,1,1,"[0.08933636546134949, 0.9106636047363281]","[-1.248286247253418, 1.0734786987304688]"
J82_CIDs23725625_CIDs72793174.h5,0,1,"[0.12130232155323029, 0.8786976933479309]","[-0.7172083258628845, 1.262946605682373]"
HCC70_CIDs17755052_CIDs11707110.h5,1,1,"[0.48793065547943115, 0.5120693445205688]","[0.11213822662830353, 0.160425066947937]"
T47D_CIDs00002719_CIDs00123631.h5,0,0,"[0.5957640409469604, 0.40423598885536194]","[1.2147650718688965, 0.8269191980361938]"
MDAMB157_CIDs56649450_CIDs54751698.h5,1,1,"[0.0725775957107544, 0.9274224042892456]","[-1.1036317348480225, 1.444121241569519]"
HT29_CIDs56673688_CIDs03081361.h5,1,0,"[0.7223401069641113, 0.2776598632335663]","[0.7739396691322327, -0.18215960264205933]"
DMS114_CIDs05311497_CIDs49800198.h5,1,1,"[0.11312960088253021, 0.8868703842163086]","[-0.8282045722007751, 1.2309602499008179]"
HT1376_CIDs00005515_CIDs17755052.h5,1,1,"[0.3323778510093689, 0.6676221489906311]","[-0.15347395837306976, 0.5439759492874146]"
T47D_CIDs00176166_CIDs25227436.h5,0,0,"[0.858418345451355, 0.14158163964748383]","[0.9014462828636169, -0.9007687568664551]"
HCC1500_CIDs00002719_CIDs11375205.h5,0,1,"[0.41162675619125366, 0.5883732438087463]","[0.38484689593315125, 0.7420914173126221]"
MDAMB361_CIDs11717001_CIDs00123631.h5,0,1,"[0.4721507132053375, 0.5278492569923401]","[0.8089366555213928, 0.9204492568969727]"
HCC1500_CIDs11707110_CIDs25227436.h5,1,1,"[0.08023910969495773, 0.9197608232498169]","[-1.28804349899292, 1.1510590314865112]"
SW48_CIDs11640390_CIDs03081361.h5,1,0,"[0.5101756453514099, 0.4898243844509125]","[0.2553022503852844, 0.2145940661430359]"
MDAMB175VII_CIDs11656518_CIDs23725625.h5,0,0,"[0.5281977653503418, 0.4718021750450134]","[0.6576630473136902, 0.5447520017623901]"
J82_CIDs17755052_CIDs25262792.h5,1,1,"[0.11930020898580551, 0.8806997537612915]","[-0.8443979620933533, 1.1546757221221924]"
MDAMB231_CIDs72793174_CIDs46244453.h5,0,1,"[0.43499284982681274, 0.5650071501731873]","[-0.3606191873550415, -0.09911040216684341]"
MDAMB415_CIDs25262792_CIDs11707110.h5,1,1,"[0.34353184700012207, 0.6564681529998779]","[-0.24212902784347534, 0.40546533465385437]"
HCC1143_CIDs10127622_CIDs54751698.h5,1,1,"[0.2450418323278427, 0.7549582123756409]","[-0.2614021897315979, 0.8638312816619873]"
NCIH747_CIDs00104842_CIDs24978538.h5,0,0,"[0.7054856419563293, 0.29451432824134827]","[0.7765222787857056, -0.09703651070594788]"
647V_CIDs11955716_CIDs25227436.h5,0,1,"[0.3195072114467621, 0.6804927587509155]","[-0.12849673628807068, 0.6275405883789062]"
HCC38_CIDs72793174_CIDs58423153.h5,1,0,"[0.652702271938324, 0.3472977578639984]","[0.38845375180244446, -0.242484912276268]"
NCIH1437_CIDs46244453_CIDs49800198.h5,0,1,"[0.22087739408016205, 0.7791225910186768]","[-0.5984951257705688, 0.6620655059814453]"
BT20_CIDs54751698_CIDs73294313.h5,1,1,"[0.2096693515777588, 0.790330708026886]","[-0.7394103407859802, 0.5875093936920166]"
BT20_CIDs25262792_CIDs00123631.h5,1,1,"[0.377384752035141, 0.6226152181625366]","[0.6982288956642151, 1.19889235496521]"
UACC812_CIDs00176166_CIDs10127622.h5,1,0,"[0.6660645008087158, 0.33393555879592896]","[0.8267645239830017, 0.13632607460021973]"
NCIH358_CIDs00005515_CIDs49800198.h5,1,1,"[0.17249555885791779, 0.8275044560432434]","[-0.862930953502655, 0.705112099647522]"
SW48_CIDs56946894_CIDs44381568.h5,1,0,"[0.5148407816886902, 0.4851591885089874]","[0.056981660425662994, -0.002398967742919922]"
NCIH1975_CIDs00003310_CIDs58423153.h5,1,1,"[0.028429776430130005, 0.9715701937675476]","[-1.2970938682556152, 2.2343826293945312]"
TCCSUP_CIDs49800198_CIDs10302451.h5,1,1,"[0.13889874517917633, 0.8611012101173401]","[-1.123805284500122, 0.7006615400314331]"
647V_CIDs49800198_CIDs10302451.h5,1,0,"[0.5306960344314575, 0.46930399537086487]","[-0.011784523725509644, -0.13472312688827515]"
CAL51_CIDs25262792_CIDs73294313.h5,1,1,"[0.25414079427719116, 0.7458592653274536]","[-0.3046332895755768, 0.7720152139663696]"
BFTC905_CIDs72793174_CIDs25262792.h5,1,1,"[0.07863754034042358, 0.9213624596595764]","[-1.093900442123413, 1.3671038150787354]"
T47D_CIDs16719221_CIDs25227436.h5,1,0,"[0.735377311706543, 0.26462268829345703]","[0.43919992446899414, -0.5828789472579956]"
NCIH747_CIDs23725625_CIDs49800198.h5,1,0,"[0.5229809880256653, 0.47701898217201233]","[0.14822888374328613, 0.05624006688594818]"
A549_CIDs05311497_CIDs49800198.h5,1,1,"[0.25028306245803833, 0.7497169375419617]","[-0.6354445815086365, 0.4616585671901703]"
HCC1395_CIDs17755052_CIDs24964624.h5,1,1,"[0.4831272065639496, 0.516872763633728]","[-0.22459585964679718, -0.1570790559053421]"
SW837_CIDs90667118_CIDs49800198.h5,1,0,"[0.5174894332885742, 0.48251059651374817]","[0.2668839693069458, 0.1968977451324463]"
NCIH1703_CIDs58423153_CIDs51039095.h5,1,1,"[0.2748643755912781, 0.7251356244087219]","[-0.2310168296098709, 0.73906409740448]"
SW780_CIDs11955716_CIDs10127622.h5,1,0,"[0.7268818020820618, 0.27311819791793823]","[0.7362626791000366, -0.2425965666770935]"
HCC1500_CIDs00005311_CIDs25227436.h5,0,0,"[0.7912101745605469, 0.2087898850440979]","[1.4614818096160889, 0.12924644351005554]"
647V_CIDs00005311_CIDs10368812.h5,0,0,"[0.7785701155662537, 0.22142988443374634]","[1.5048034191131592, 0.24745038151741028]"
NCIH1299_CIDs00001690_CIDs44137675.h5,1,1,"[0.21824094653129578, 0.7817590832710266]","[-0.1656208336353302, 1.1103260517120361]"
MDAMB453_CIDs46244453_CIDs11152667.h5,1,0,"[0.5510610342025757, 0.4489389657974243]","[0.15767565369606018, -0.04728296399116516]"
NCIH2228_CIDs73294313_CIDs25262792.h5,1,1,"[0.0341821126639843, 0.9658178687095642]","[-1.574664831161499, 1.7666079998016357]"
HT1376_CIDs15953870_CIDs10127622.h5,1,1,"[0.40515172481536865, 0.5948482155799866]","[0.3056041896343231, 0.6896488666534424]"
HT1197_CIDs23725625_CIDs46244453.h5,0,1,"[0.2607331871986389, 0.7392667531967163]","[-0.1729935109615326, 0.869167685508728]"
NCIH522_CIDs56946894_CIDs25227436.h5,1,1,"[0.039492350071668625, 0.9605076313018799]","[-1.7035510540008545, 1.4878039360046387]"
BT20_CIDs72793174_CIDs58423153.h5,1,1,"[0.20567628741264343, 0.7943236827850342]","[-0.7587599158287048, 0.5924276113510132]"
HCC70_CIDs54751698_CIDs11375205.h5,1,0,"[0.5567539930343628, 0.4432459771633148]","[-0.16497555375099182, -0.3929741680622101]"
UMUC3_CIDs10127622_CIDs17755052.h5,1,1,"[0.1939065158367157, 0.8060935139656067]","[-0.0710717961192131, 1.3537518978118896]"
NCIH23_CIDs11213558_CIDs56946894.h5,1,0,"[0.5993682146072388, 0.40063178539276123]","[0.36271077394485474, -0.04012259840965271]"
HCC1187_CIDs17755052_CIDs49800198.h5,0,1,"[0.32814347743988037, 0.6718565225601196]","[-0.3492451310157776, 0.36734873056411743]"
BT474_CIDs11707110_CIDs25227436.h5,1,0,"[0.5703217387199402, 0.4296782910823822]","[0.33553969860076904, 0.05237578600645065]"
HCC1187_CIDs17755052_CIDs46836568.h5,1,1,"[0.3664230406284332, 0.6335769295692444]","[-0.220722496509552, 0.32687047123908997]"
COLO205_CIDs11152667_CIDs49800198.h5,0,0,"[0.8980449438095093, 0.10195507854223251]","[0.7313945293426514, -1.4442931413650513]"
NCIH23_CIDs00001690_CIDs58423153.h5,0,1,"[0.22668860852718353, 0.7733113765716553]","[-0.5458837747573853, 0.6812206506729126]"
TCCSUP_CIDs11955716_CIDs49800198.h5,1,1,"[0.3608507812023163, 0.6391492486000061]","[-0.14099107682704926, 0.43068239092826843]"
MDAMB231_CIDs54751698_CIDs73294313.h5,1,1,"[0.36807459592819214, 0.6319254636764526]","[-0.37960201501846313, 0.1608838140964508]"
UACC812_CIDs24856436_CIDs11152667.h5,1,0,"[0.9366986155509949, 0.06330140680074692]","[1.2951099872589111, -1.3993439674377441]"
HS578T_CIDs16654980_CIDs11375205.h5,0,1,"[0.3024921119213104, 0.697507917881012]","[-0.7113927006721497, 0.12406587600708008]"
DU4475_CIDs10127622_CIDs56649450.h5,1,1,"[0.23726105690002441, 0.7627390027046204]","[-0.055640943348407745, 1.1121139526367188]"
HCC70_CIDs17755052_CIDs24964624.h5,1,0,"[0.5625526309013367, 0.43744733929634094]","[0.019625984132289886, -0.23190243542194366]"
NCIH2085_CIDs00005515_CIDs49800198.h5,1,1,"[0.0931382104754448, 0.9068618416786194]","[-0.7217890620231628, 1.5541164875030518]"
HCC70_CIDs24964624_CIDs25262792.h5,1,1,"[0.4247687757015228, 0.5752312541007996]","[-0.3379290699958801, -0.03470192104578018]"
UMUC3_CIDs46244453_CIDs25262792.h5,0,0,"[0.6690002083778381, 0.33099979162216187]","[0.19966340065002441, -0.5040032863616943]"
MDAMB453_CIDs25262792_CIDs06442177.h5,1,1,"[0.14658169448375702, 0.8534183502197266]","[-0.08810577541589737, 1.6735612154006958]"
MDAMB361_CIDs25227436_CIDs25262792.h5,1,1,"[0.09749354422092438, 0.9025064706802368]","[-0.6318655610084534, 1.5935240983963013]"
KU1919_CIDs72793174_CIDs58423153.h5,0,0,"[0.6982812881469727, 0.30171868205070496]","[0.20923420786857605, -0.6298927068710327]"
BT549_CIDs17755052_CIDs24964624.h5,1,1,"[0.42721399664878845, 0.5727860331535339]","[-0.13209931552410126, 0.16112789511680603]"
NCIH1975_CIDs46836568_CIDs49800198.h5,1,1,"[0.1349293291568756, 0.8650707006454468]","[-0.49859100580215454, 1.3594691753387451]"
SW900_CIDs56946894_CIDs11152667.h5,0,1,"[0.3287437856197357, 0.6712561845779419]","[-0.29340660572052, 0.4204656183719635]"
NCIH520_CIDs44381568_CIDs56946894.h5,1,1,"[0.19536927342414856, 0.8046307563781738]","[-0.4121739864349365, 1.0033180713653564]"
MDAMB157_CIDs25262792_CIDs24964624.h5,1,1,"[0.0891488716006279, 0.9108511209487915]","[-1.2037196159362793, 1.120352029800415]"
NCIH23_CIDs46836568_CIDs05311497.h5,1,1,"[0.14127959311008453, 0.8587204217910767]","[-0.7317216396331787, 1.0729808807373047]"
T47D_CIDs25227436_CIDs00005376.h5,1,0,"[0.6416628956794739, 0.35833704471588135]","[1.1888301372528076, 0.6062411069869995]"
UMUC3_CIDs72793174_CIDs11375205.h5,0,0,"[0.6762527823448181, 0.3237472176551819]","[0.18477092683315277, -0.5518330335617065]"
HT1197_CIDs10368812_CIDs17755052.h5,1,1,"[0.3918073773384094, 0.6081926822662354]","[-0.3695662021636963, 0.07015517354011536]"
NCIH226_CIDs73294313_CIDs03081361.h5,1,1,"[0.2102624475955963, 0.7897375226020813]","[-0.1298239380121231, 1.1935203075408936]"
NCIH2291_CIDs00001690_CIDs58423153.h5,1,1,"[0.15201476216316223, 0.8479852080345154]","[-0.6761850118637085, 1.0427005290985107]"
SW620_CIDs44381568_CIDs90667118.h5,0,1,"[0.33409202098846436, 0.6659079790115356]","[-0.16560478508472443, 0.5241303443908691]"
SW948_CIDs11640390_CIDs10127622.h5,1,1,"[0.2606877386569977, 0.7393122315406799]","[0.029727838933467865, 1.07212495803833]"
CAL120_CIDs51039095_CIDs10163178.h5,1,1,"[0.12739571928977966, 0.872604250907898]","[-0.7648247480392456, 1.1593592166900635]"
KATOIII_CIDs25033539_CIDs51039095.h5,1,0,"[0.6330296993255615, 0.3669702708721161]","[0.24991708993911743, -0.29531940817832947]"
MCF7_CIDs49867930_CIDs16659841.h5,0,0,"[0.5790686011314392, 0.4209314286708832]","[0.2524711787700653, -0.06647983193397522]"
MDAMB157_CIDs25262792_CIDs46836568.h5,1,1,"[0.03189092129468918, 0.9681090712547302]","[-1.2629468441009521, 2.1500766277313232]"
TCCSUP_CIDs46244453_CIDs11152667.h5,1,0,"[0.6888630986213684, 0.31113696098327637]","[0.4791625142097473, -0.315646767616272]"
SW48_CIDs44381568_CIDs03081361.h5,1,0,"[0.6351192593574524, 0.3648807108402252]","[0.4089197814464569, -0.14532262086868286]"
SW48_CIDs44381568_CIDs90667118.h5,1,0,"[0.5503911972045898, 0.44960877299308777]","[0.12081693112850189, -0.08143458515405655]"
HCC1500_CIDs11494412_CIDs51039095.h5,1,1,"[0.2084980607032776, 0.7915019392967224]","[-0.6918343305587769, 0.6421682834625244]"
MDAMB157_CIDs10127622_CIDs17755052.h5,1,1,"[0.16623720526695251, 0.8337628245353699]","[-0.2737604081630707, 1.3387727737426758]"
VMCUB1_CIDs23725625_CIDs10368812.h5,0,0,"[0.5901720523834229, 0.40982794761657715]","[0.5201730132102966, 0.15549629926681519]"
MDAMB231_CIDs25262792_CIDs46244453.h5,0,1,"[0.3417329788208008, 0.6582669615745544]","[-0.47992396354675293, 0.17565691471099854]"
BT474_CIDs17755052_CIDs11375205.h5,1,0,"[0.8132660388946533, 0.18673399090766907]","[0.5208969116210938, -0.9504762887954712]"
TCCSUP_CIDs11955716_CIDs25227436.h5,1,1,"[0.14173854887485504, 0.8582614660263062]","[-0.761161208152771, 1.0397634506225586]"
MCF7_CIDs11625818_CIDs10127622.h5,1,1,"[0.13990679383277893, 0.8600932359695435]","[-0.23526018857955933, 1.5808042287826538]"
HT29_CIDs45381890_CIDs10127622.h5,1,1,"[0.23253072798252106, 0.7674692869186401]","[-0.22683797776699066, 0.9672380685806274]"
HS578T_CIDs54751698_CIDs23725625.h5,0,1,"[0.30677229166030884, 0.6932277083396912]","[0.09781685471534729, 0.9130696058273315]"
DMS114_CIDs24964624_CIDs25262792.h5,1,1,"[0.165583074092865, 0.834416925907135]","[-0.7275073528289795, 0.8897527456283569]"
LS513_CIDs03081361_CIDs10127622.h5,1,0,"[0.7145989537239075, 0.28540101647377014]","[1.1160459518432617, 0.1982196420431137]"
NCIH2228_CIDs00003310_CIDs11327430.h5,1,1,"[0.04393191263079643, 0.9560680389404297]","[-1.4014620780944824, 1.6787259578704834]"
HCC38_CIDs54751698_CIDs46244453.h5,0,0,"[0.672590970993042, 0.327409029006958]","[0.20429593324661255, -0.5156311988830566]"
T47D_CIDs17755052_CIDs10127622.h5,1,1,"[0.46501365303993225, 0.5349863767623901]","[0.7414844036102295, 0.8816589117050171]"
HCC1806_CIDs25262792_CIDs73294313.h5,1,1,"[0.42525726556777954, 0.5747427344322205]","[-0.5364810824394226, -0.23525291681289673]"
LS513_CIDs00447654_CIDs03081361.h5,1,0,"[0.7513445019721985, 0.24865546822547913]","[0.9316861033439636, -0.17410984635353088]"
BT474_CIDs24978538_CIDs51039095.h5,0,0,"[0.8562359809875488, 0.14376398921012878]","[0.911552369594574, -0.8728207349777222]"
HCC70_CIDs46244453_CIDs00003461.h5,1,0,"[0.6314883828163147, 0.3685116469860077]","[0.15656062960624695, -0.38204655051231384]"
HT29_CIDs25071599_CIDs49800198.h5,1,0,"[0.8316172361373901, 0.16838273406028748]","[0.45888349413871765, -1.138249158859253]"
HCC1954_CIDs25262792_CIDs00123631.h5,1,1,"[0.47413554787635803, 0.5258644223213196]","[0.8910786509513855, 0.99462890625]"
SW948_CIDs56673688_CIDs03081361.h5,1,0,"[0.8308399319648743, 0.16916000843048096]","[0.9789413809776306, -0.6126507520675659]"
MDAMB157_CIDs24964624_CIDs46244453.h5,1,1,"[0.09549809992313385, 0.9045019745826721]","[-1.2024145126342773, 1.0458635091781616]"
MDAMB453_CIDs17755052_CIDs00123631.h5,1,0,"[0.6190879940986633, 0.3809119462966919]","[1.1756713390350342, 0.6899920701980591]"
NCIH2228_CIDs73294313_CIDs10127622.h5,1,1,"[0.06288661807775497, 0.9371134042739868]","[-0.6397024989128113, 2.0617682933807373]"
MCF7_CIDs00002719_CIDs25227436.h5,1,1,"[0.35205256938934326, 0.647947371006012]","[0.38505569100379944, 0.9950846433639526]"
MDAMB361_CIDs11556711_CIDs00123631.h5,1,0,"[0.506077766418457, 0.49392223358154297]","[1.0055620670318604, 0.9812498092651367]"
BT20_CIDs24964624_CIDs00123631.h5,1,1,"[0.40599292516708374, 0.5940070748329163]","[0.8173854947090149, 1.1979409456253052]"
UACC812_CIDs11656518_CIDs11375205.h5,1,0,"[0.9095351099967957, 0.09046485275030136]","[0.8218920826911926, -1.4860800504684448]"
HCC1500_CIDs45375953_CIDs51039095.h5,1,1,"[0.4951145648956299, 0.5048854351043701]","[-0.2689211070537567, -0.2493787556886673]"
T47D_CIDs00148195_CIDs10127622.h5,1,0,"[0.5105492472648621, 0.48945075273513794]","[0.8119771480560303, 0.7697738409042358]"
HCC1428_CIDs24964624_CIDs73294313.h5,0,1,"[0.4726380407810211, 0.5273619890213013]","[-0.39786893129348755, -0.28831151127815247]"
LS513_CIDs44381568_CIDs90667118.h5,1,1,"[0.34805959463119507, 0.6519403457641602]","[-0.2284650355577469, 0.39911434054374695]"
J82_CIDs51039095_CIDs25227436.h5,1,1,"[0.19385592639446259, 0.8061440587043762]","[-0.6778972744941711, 0.747249960899353]"
647V_CIDs23725625_CIDs54751698.h5,1,1,"[0.06755450367927551, 0.9324455261230469]","[-0.7962108254432678, 1.8286652565002441]"
MDAMB453_CIDs25262792_CIDs00104741.h5,1,1,"[0.48675835132598877, 0.5132416486740112]","[1.0963783264160156, 1.1493573188781738]"
HCC1500_CIDs00004261_CIDs11375205.h5,1,1,"[0.3607484996318817, 0.6392515301704407]","[-0.26729410886764526, 0.3048228919506073]"
NCIH1563_CIDs11707110_CIDs42611257.h5,0,1,"[0.23321197926998138, 0.7667880058288574]","[-0.3672177195549011, 0.8230448961257935]"
MDAMB415_CIDs46244453_CIDs11152667.h5,1,0,"[0.7996419668197632, 0.2003580629825592]","[0.6972561478614807, -0.6868019104003906]"
NCIH520_CIDs46836568_CIDs49800198.h5,0,1,"[0.19702675938606262, 0.8029732704162598]","[-0.37804532051086426, 1.0269365310668945]"
SW780_CIDs00005515_CIDs17755052.h5,0,0,"[0.849999189376831, 0.15000085532665253]","[0.7725015878677368, -0.9620928764343262]"
HCC1143_CIDs54751698_CIDs46244453.h5,0,0,"[0.7864380478858948, 0.2135619968175888]","[0.37195560336112976, -0.9316310882568359]"
BT474_CIDs00005311_CIDs03081361.h5,0,0,"[0.8215378522872925, 0.1784621924161911]","[1.7975459098815918, 0.2707447111606598]"
647V_CIDs11955716_CIDs10127622.h5,1,1,"[0.14063414931297302, 0.8593658804893494]","[-0.4815884828567505, 1.3284443616867065]"
HCC1419_CIDs00104741_CIDs00123631.h5,1,0,"[0.7033333778381348, 0.2966666519641876]","[1.4309535026550293, 0.5677316188812256]"
HCC1143_CIDs25262792_CIDs10163178.h5,1,0,"[0.7178091406822205, 0.28219085931777954]","[0.1083962470293045, -0.8252238035202026]"
BT20_CIDs54751698_CIDs58423153.h5,1,1,"[0.16604165732860565, 0.8339583873748779]","[-0.8115763068199158, 0.8023685216903687]"
J82_CIDs54751698_CIDs25262792.h5,1,1,"[0.2500661611557007, 0.7499337792396545]","[-0.45594561100006104, 0.6423138380050659]"
SW780_CIDs25262792_CIDs51039095.h5,0,0,"[0.8036832809448242, 0.19631671905517578]","[0.7271670699119568, -0.6823089122772217]"
MDAMB361_CIDs11520894_CIDs10127622.h5,1,1,"[0.15037724375724792, 0.8496227860450745]","[-0.25650137662887573, 1.4751439094543457]"
NCIH2170_CIDs11213558_CIDs56946894.h5,1,0,"[0.7672466039657593, 0.2327534258365631]","[0.5020238161087036, -0.6908048391342163]"
HCC1806_CIDs54751698_CIDs67161792.h5,1,0,"[0.5604565143585205, 0.43954354524612427]","[-0.2540699541568756, -0.49708476662635803]"
HT1197_CIDs23725625_CIDs10127622.h5,1,1,"[0.3080314099788666, 0.6919686198234558]","[0.3569584786891937, 1.166297435760498]"
